Index,Store Code,Store Name,Province EN,Province KH,District EN,District KH,Latitude,Longitude
1,"BANA001","Chamnaom","Banteay Meanchey","បន្ទាយមានជ័យ","Mongkol Borei","Mongkol Borei","13.437565","102.934632"
2,"BANA002","Paoy Paet","Banteay Meanchey","បន្ទាយមានជ័យ","Paoy Paet","Paoy Paet","13.682498","102.564968"
3,"BANA003","Preah Punlea","Banteay Meanchey","បន្ទាយមានជ័យ","Serei Saophoan","Serei Saophoan","13.59106","102.973797"
4,"BANA004","Phsar Kandal","Banteay Meanchey","បន្ទាយមានជ័យ","Paoy Paet","Paoy Paet","13.646559","102.590885"
5,"BANA005","Ou Ruessei","Banteay Meanchey","បន្ទាយមានជ័យ","Serei Saophoan","Serei Saophoan","13.69538","102.651888"
6,"BANA006","Roluos","Banteay Meanchey","បន្ទាយមានជ័យ","Svay Chek","Svay Chek","13.80385","102.96445"
7,"BANA007","Phnum Touch","Banteay Meanchey","បន្ទាយមានជ័យ","Mongkol Borei","Mongkol Borei","13.410764","103.017448"
8,"BANA008","Paoy Char","Banteay Meanchey","បន្ទាយមានជ័យ","Serei Saophoan","Serei Saophoan","13.774137","103.313281"
9,"BANA009","Chub Vari","Banteay Meanchey","បន្ទាយមានជ័យ","Serei Saophoan","Serei Saophoan","13.623668","103.182027"
10,"BANA010","Banteay Chhmar","Banteay Meanchey","បន្ទាយមានជ័យ","Thma Puok","Thma Puok","12.252597","105.977067"
11,"BANA011","Kampong Svay","Banteay Meanchey","បន្ទាយមានជ័យ","Serei Saophoan","Serei Saophoan","13.600802","102.967587"
12,"BANA012","Malai","Banteay Meanchey","បន្ទាយមានជ័យ","Malai","Malai","13.566301","102.364078"
13,"BANA013","Thma Puok","Banteay Meanchey","បន្ទាយមានជ័យ","Thma Puok","Thma Puok","13.941231","103.049339"
14,"BANA014","Koub","Banteay Meanchey","បន្ទាយមានជ័យ","Ou Chrov","Ou Chrov","13.608353","102.764872"
15,"BANA015","Changha","Banteay Meanchey","បន្ទាយមានជ័យ","Ou Chrov","Ou Chrov","13.647113","102.886313"
16,"BANA016","Phnum Lieb","Banteay Meanchey","បន្ទាយមានជ័យ","Preah Netr Preah","Preah Netr Preah","13.605432","103.312393"
17,"BANA017","Punley","Banteay Meanchey","បន្ទាយមានជ័យ","Serei Saophoan","Serei Saophoan","13.76928","103.22615"
18,"BANA018","Sla Kram","Banteay Meanchey","បន្ទាយមានជ័យ","Svay Chek","Svay Chek","13.832156","102.833294"
19,"BANA020","Banteay Neang","Banteay Meanchey","បន្ទាយមានជ័យ","Mongkol Borei","Mongkol Borei","13.515097","103.017095"
20,"BANP001","Serei Saophoan","Banteay Meanchey","បន្ទាយមានជ័យ","Serei Saophoan","Serei Saophoan","13.59572","102.97069"
21,"BANS001","Ou Ambel","Banteay Meanchey","បន្ទាយមានជ័យ","Serei Saophoan","Serei Saophoan","13.5852101","102.9724208"
22,"BANS002","Paoy Paet","Banteay Meanchey","បន្ទាយមានជ័យ","Paoy Paet","Paoy Paet","13.65887","102.554344"
23,"BANS003","Thma Puok","Banteay Meanchey","បន្ទាយមានជ័យ","Thma Puok","Thma Puok","13.9413014","103.049302"
24,"BANS004","Srah Chik","Banteay Meanchey","បន្ទាយមានជ័យ","Phnum Srok","Phnum Srok","13.74387","103.33588"
25,"BATA001","Chomkar Somraong","Battambang","បាត់ដំបង","Battambang","Battambang","13.129832","103.198146"
26,"BATA002","Kampong Prieng","Battambang","បាត់ដំបង","Sangkae","Sangkae","12.9489","103.3383"
27,"BATA003","Phnum Sampov","Battambang","បាត់ដំបង","Banan","Banan","13.0296","103.1009"
28,"BATA004","Vaot Ta Muem 01","Battambang","បាត់ដំបង","Sangkae","Sangkae","13.0627","103.2032"
29,"BATA005","Tuol Ta Ek","Battambang","បាត់ដំបង","Battambang","Battambang","13.09573","103.190527"
30,"BATA006","Moung","Battambang","បាត់ដំបង","Moung Ruessei","Moung Ruessei","12.775837","103.448387"
31,"BATA007","Snoeng","Battambang","បាត់ដំបង","Banan","Banan","12.9784","103.0544"
32,"BATA008","Vaot Ta Muem 02","Battambang","បាត់ដំបង","Sangkae","Sangkae","13.03679","103.20173"
33,"BATA009","REM SOCHEA","Battambang","បាត់ដំបង","Battambang","Battambang","13.265685","102.945134"
34,"BATA010","Santepheap","Battambang","បាត់ដំបង","Sampov Lun","Sampov Lun","13.432283","102.366176"
35,"BATA011","Boeng Reang","Battambang","បាត់ដំបង","Kamrieng","Kamrieng","13.087139","102.446107"
36,"BATA012","Bour","Battambang","បាត់ដំបង","Phnum Proek","Phnum Proek","13.283736","102.615651"
37,"BATA013","Pech Chenda 01","Battambang","បាត់ដំបង","Phnum Proek","Phnum Proek","13.222725","102.391644"
38,"BATA014","Pech Chenda 02","Battambang","បាត់ដំបង","Phnum Proek","Phnum Proek","13.2117","102.532803"
39,"BATA015","Sdok Pravoek","Battambang","បាត់ដំបង","Rukh Kiri","Rukh Kiri","12.603483","103.490935"
40,"BATA016","Ta Kream","Battambang","បាត់ដំបង","Banan","Banan","13.090324","103.023334"
41,"BATA017","Ta Sanh","Battambang","បាត់ដំបង","Samlout","Samlout","12.616636","102.858967"
42,"BATA018","Kampong Lpov","Battambang","បាត់ដំបង","Samlout","Samlout","12.543875","102.865274"
43,"BATA019","Traeng","Battambang","បាត់ដំបង","Thma Koul","Thma Koul","12.832975","102.894727"
44,"BATA021","Preaek Chik","Battambang","បាត់ដំបង","Rukh Kiri","Rukh Kiri","12.651708","103.396619"
45,"BATA022","Bavel","Battambang","បាត់ដំបង","Bavel","Bavel","13.256093","102.875914"
46,"BATA023","Chrey","Battambang","បាត់ដំបង","Thma Koul","Thma Koul","13.112873","103.136953"
47,"BATA024","Boeng Pring","Battambang","បាត់ដំបង","Thma Koul","Thma Koul","13.366959","103.034112"
48,"BATA025","Ta Pung","Battambang","បាត់ដំបង","Thma Koul","Thma Koul","13.264179","103.089398"
49,"BATA026","Svay Por","Battambang","បាត់ដំបង","Battambang","Battambang","13.0859","103.1988"
50,"BATA027","Ou Ta Ki","Battambang","បាត់ដំបង","Thma Koul","Thma Koul","13.167237","103.112915"
51,"BATA028","Ta Sda","Battambang","បាត់ដំបង","Sampov Lun","Sampov Lun","13.404488","102.455575"
52,"BATA029","Thipakdei","Battambang","បាត់ដំបង","Koas Krala","Koas Krala","12.856523","103.26872"
53,"BATA030","Prey Svay","Battambang","បាត់ដំបង","Moung Ruessei","Moung Ruessei","12.713477","103.544657"
54,"BATA032","Sdau","Battambang","បាត់ដំបង","Thma Koul","Thma Koul","12.891503","102.973863"
55,"BATA033","Ampil Pram Daeum","Battambang","បាត់ដំបង","Bavel","Bavel","13.260059","102.767866"
56,"BATA034","Ou Char","Battambang","បាត់ដំបង","Battambang","Battambang","13.1076","103.1755"
57,"BATA035","Anlung Vil","Battambang","បាត់ដំបង","Battambang","Battambang","13.0624","103.2563"
58,"BATA036","Vaot Ta Muem","Battambang","បាត់ដំបង","Sangkae","Sangkae","13.01234","103.187065"
59,"BATA037","Peam Aek","Battambang","បាត់ដំបង","Aek Phnum","Aek Phnum","13.161","103.2086"
60,"BATA038","Prey Khpos","Battambang","បាត់ដំបង","Bavel","Bavel","13.347834","102.905611"
61,"BATA039","Mukh Rea","Battambang","បាត់ដំបង","Rukh Kiri","Rukh Kiri","12.77559","103.448243"
62,"BATA040","Prek Preah Sdach","Battambang","បាត់ដំបង","Battambang","Battambang","13.0887","103.2127"
63,"BATA041","Moung Ruessei","Battambang","បាត់ដំបង","Moung Ruessei","Moung Ruessei","12.903065","103.3680416"
64,"BATP001","Battambang","Battambang","បាត់ដំបង","Battambang","Battambang","13.106159","103.195737"
65,"BATS001","Tuol Ta Ek","Battambang","បាត់ដំបង","Battambang","Battambang","13.095671","103.190739"
66,"BATS002","Ta Pung","Battambang","បាត់ដំបង","Thma Koul","Thma Koul","13.269928","103.089933"
67,"BATS003","Boeng Reang","Battambang","បាត់ដំបង","Kamrieng","Kamrieng","13.088761","102.445678"
68,"BATS004","Santepheap","Battambang","បាត់ដំបង","Sampov Lun","Sampov Lun","13.431886","102.376649"
69,"BATS005","Sdau","Battambang","បាត់ដំបង","Thma Koul","Thma Koul","12.892662","102.97397"
70,"BATS006","Bavel","Battambang","បាត់ដំបង","Bavel","Bavel","13.25407","102.873046"
71,"BATS007","Moung","Battambang","បាត់ដំបង","Moung Ruessei","Moung Ruessei","12.775514","103.447784"
72,"BATS008","Sdau","Battambang","បាត់ដំបង","Thma Koul","Thma Koul","12.5333","102.5826"
73,"HUBBAT01","Hub vùng HUBBAT01","Battambang","បាត់ដំបង","Battambang","Battambang","13.33826181253044","103.0832144967726"
74,"CHAA001","Peam Prathnuoh","Kampong Cham","កំពង់ចាម","Kaoh Soutin","Kaoh Soutin","11.892662","105.428499"
75,"CHAA002","Chrey Vien","Kampong Cham","កំពង់ចាម","Prey Chhor","Prey Chhor","12.058398","105.257688"
76,"CHAA003","Kor","Kampong Cham","កំពង់ចាម","Cheung Prey","Cheung Prey","12.11317","105.21706"
77,"CHAA004","Sandaek","Kampong Cham","កំពង់ចាម","Batheay","Batheay","12.123065","104.970836"
78,"CHAA005","Me Sar Chrey","Kampong Cham","កំពង់ចាម","Stueng Trang","Stueng Trang","12.29968","105.419272"
79,"CHAA006","Peam Chi Kang","Kampong Cham","កំពង់ចាម","Kang Meas","Kang Meas","11.946622","105.247515"
80,"CHAA007","Ta Prok","Kampong Cham","កំពង់ចាម","Chamkar Leu","Chamkar Leu","12.376818","105.222342"
81,"CHAA008","Thma Pun","Kampong Cham","កំពង់ចាម","Prey Chhor","Prey Chhor","12.162685","105.246162"
82,"CHAA009","Tang Krang","Kampong Cham","កំពង់ចាម","Batheay","Batheay","11.885387","104.935627"
83,"CHAA010","Bos Khnor","Kampong Cham","កំពង់ចាម","Chamkar Leu","Chamkar Leu","12.180892","105.322863"
84,"CHAA011","Lvea","Kampong Cham","កំពង់ចាម","Chamkar Leu","Chamkar Leu","12.057856","105.181435"
85,"CHAA012","Khvet Thum","Kampong Cham","កំពង់ចាម","Prey Chhor","Prey Chhor","12.059258","105.211236"
86,"CHAA013","Chealea","Kampong Cham","កំពង់ចាម","Batheay","Batheay","11.9945","104.9433"
87,"CHAA014","Batheay","Kampong Cham","កំពង់ចាម","Batheay","Batheay","12.027384","104.962943"
88,"CHAA015","Soutib","Kampong Cham","កំពង់ចាម","Cheung Prey","Cheung Prey","12.05615","105.074797"
89,"CHAA016","Veal Vung","Kampong Cham","កំពង់ចាម","Kampong Cham","Kampong Cham","11.979458","105.458557"
90,"CHAA017","Areak Tnaot","Kampong Cham","កំពង់ចាម","Kampong Cham","Kampong Cham","12.362246","105.587401"
91,"CHAA018","Kampong Cham","Kampong Cham","កំពង់ចាម","Kampong Cham","Kampong Cham","11.991004","105.466677"
92,"CHAA019","Roka Koy","Kampong Cham","កំពង់ចាម","Kang Meas","Kang Meas","11.9412","105.3009"
93,"CHAA020","Hanchey","Kampong Cham","កំពង់ចាម","Kampong Siem","Kampong Siem","12.1363","105.5264"
94,"CHAA021","Svay Pou","Kampong Cham","កំពង់ចាម","Srei Santhor","Srei Santhor","11.780832","105.081073"
95,"CHAA022","Preak Kak","Kampong Cham","កំពង់ចាម","Stueng Trang","Stueng Trang","12.258039","105.533665"
96,"CHAA023","Preak Rumdeng","Kampong Cham","កំពង់ចាម","Kampong Cham","Kampong Cham","11.9178","105.23044"
97,"CHAA024","Tumnob","Kampong Cham","កំពង់ចាម","Batheay","Batheay","12.080426","104.975446"
98,"CHAA025","Lom Hae","Kampong Cham","កំពង់ចាម","Kampong Cham","Kampong Cham","11.992734","105.451041"
99,"CHAP001","Kampong Cham","Kampong Cham","កំពង់ចាម","Kampong Cham","Kampong Cham","11.989084","105.462284"
100,"CHAS001","Veal Vung","Kampong Cham","កំពង់ចាម","Kampong Cham","Kampong Cham","11.989346","105.458567"
101,"CHAS002","Preak Kak","Kampong Cham","កំពង់ចាម","Stueng Trang","Stueng Trang","12.255298","105.539182"
102,"CHAS003","Soutib","Kampong Cham","កំពង់ចាម","Cheung Prey","Cheung Prey","12.053318","105.056898"
103,"CHAS004","Chrey Vien","Kampong Cham","កំពង់ចាម","Prey Chhor","Prey Chhor","12.057873","105.247003"
104,"CHAS005","Svay Teab","Kampong Cham","កំពង់ចាម","Chamkar Leu","Chamkar Leu","12.3140397","105.2777613"
105,"CHHA001","Ou Ruessei 01","Kampong Chhnang","កំពង់ឆ្នាំង","Kampong Tralach","Kampong Tralach","11.939555","104.714322"
106,"CHHA002","Pongro","Kampong Chhnang","កំពង់ឆ្នាំង","Rolea B'ier","Rolea B'ier","12.257837","104.660942"
107,"CHHA003","Ou Ruessei 02","Kampong Chhnang","កំពង់ឆ្នាំង","Kampong Tralach","Kampong Tralach","11.9517","104.7185"
108,"CHHA004","Saeb","Kampong Chhnang","កំពង់ឆ្នាំង","Kampong Tralach","Kampong Tralach","12.0705","104.773"
109,"CHHA005","Peani","Kampong Chhnang","កំពង់ឆ្នាំង","Kampong Tralach","Kampong Tralach","11.9234","104.7013"
110,"CHHA006","Ta Ches","Kampong Chhnang","កំពង់ឆ្នាំង","Kampong Tralach","Kampong Tralach","12.236991","104.669291"
111,"CHHA007","Prey Kri 01","Kampong Chhnang","កំពង់ឆ្នាំង","Chol Kiri","Chol Kiri","12.164788","104.881038"
112,"CHHA008","Peam Chhkaok","Kampong Chhnang","កំពង់ឆ្នាំង","Chol Kiri","Chol Kiri","12.207648","104.816967"
113,"CHHA009","Krang Skear","Kampong Chhnang","កំពង់ឆ្នាំង","Tuek Phos","Tuek Phos","12.238376","104.278047"
114,"CHHA010","Chhnok Tru","Kampong Chhnang","កំពង់ឆ្នាំង","Baribour","Baribour","12.50071","104.4547"
115,"CHHA011","Svay Chrum","Kampong Chhnang","កំពង់ឆ្នាំង","Rolea B'ier","Rolea B'ier","12.279551","104.591655"
116,"CHHA012","Trangel","Kampong Chhnang","កំពង់ឆ្នាំង","Kampong Leaeng","Kampong Leaeng","12.2854","104.729588"
117,"CHHA013","Phsar","Kampong Chhnang","កំពង់ឆ្នាំង","Baribour","Baribour","12.381489","104.487486"
118,"CHHA014","Krang Leav","Kampong Chhnang","កំពង់ឆ្នាំង","Rolea B'ier","Rolea B'ier","12.26828","104.610975"
119,"CHHA015","Chrey Bak","Kampong Chhnang","កំពង់ឆ្នាំង","Rolea B'ier","Rolea B'ier","12.198668","104.653831"
120,"CHHA016","Chieb","Kampong Chhnang","កំពង់ឆ្នាំង","Tuek Phos","Tuek Phos","12.257837","104.660942"
121,"CHHA017","Prey Kri 02","Kampong Chhnang","កំពង់ឆ្នាំង","Chol Kiri","Chol Kiri","12.257837","104.660942"
122,"CHHA018","Rolea B'ier","Kampong Chhnang","កំពង់ឆ្នាំង","Rolea B'ier","Rolea B'ier","12.236872","104.669272"
123,"CHHA019","Kampong Chhnang","Kampong Chhnang","កំពង់ឆ្នាំង","Kampong Chhnang","Kampong Chhnang","12.246661","104.671258"
124,"CHHA020","Krang Lvea","Kampong Chhnang","កំពង់ឆ្នាំង","Sameakki Mean Chey","Sameakki Mean Chey","11.973961","104.561273"
125,"CHHA021","Lungveaek","Kampong Chhnang","កំពង់ឆ្នាំង","Kampong Chhnang","Kampong Chhnang","11.889892","104.708955"
126,"CHHA022","B'er","Kampong Chhnang","កំពង់ឆ្នាំង","Kampong Chhnang","Kampong Chhnang","12.257863","104.660945"
127,"CHHA023","Rolea Bier","Kampong Chhnang","កំពង់ឆ្នាំង","Kampong Chhnang","Kampong Chhnang","12.166712","104.66471"
128,"CHHA024","Phsar Trach","Kampong Chhnang","កំពង់ឆ្នាំង","Baribour","Baribour","11.840042","104.716812"
129,"CHHP001","Kampong Chhnang","Kampong Chhnang","កំពង់ឆ្នាំង","Kampong Chhnang","Kampong Chhnang","12.259851","104.67255"
130,"CHHS001","Kampong Chhnang","Kampong Chhnang","កំពង់ឆ្នាំង","Kampong Chhnang","Kampong Chhnang","12.2529466","104.6681428"
131,"CHHS002","Peani","Kampong Chhnang","កំពង់ឆ្នាំង","Kampong Tralach","Kampong Tralach","11.9371944","104.7135"
132,"KAMA001","Banteay Meas Khang Kaeut","Kampot","កំពត","Banteay Meas","Banteay Meas","10.646252","104.655786"
133,"KAMA002","Tnoat Chong Srang","Kampot","កំពត","Banteay Meas","Banteay Meas","10.590003","104.690418"
134,"KAMA003","Preaek Kroes","Kampot","កំពត","Kampong Trach","Kampong Trach","10.540408","104.580345"
135,"KAMA005","Chhuk 01","Kampot","កំពត","Chhuk","Chhuk","10.766813","104.495433"
136,"KAMA007","Phnum Kong","Kampot","កំពត","Angkor Chey","Angkor Chey","10.774704","104.663157"
137,"KAMA008","Lbaeuk","Kampot","កំពត","Chhuk","Chhuk","10.826849","104.372241"
138,"KAMA009","Dang Tung 01","Kampot","កំពត","Kampot","Kampot","10.769814","104.373538"
139,"KAMA010","Koun Sat","Kampot","កំពត","Tuek Chhou","Tuek Chhou","10.601968","104.279321"
140,"KAMA011","Chhuk 02","Kampot","កំពត","Chhuk","Chhuk","10.833158","104.450881"
141,"KAMA012","Kaoh Touch","Kampot","កំពត","Bokor","Bokor","10.559037","104.083316"
142,"KAMA013","Trapeang Reang","Kampot","កំពត","Chum Kiri","Chum Kiri","10.922155","104.423925"
143,"KAMA014","Dang Tung 02","Kampot","កំពត","Kampot","Kampot","10.70057","104.44922"
144,"KAMA015","Preaek Tnaot 01","Kampot","កំពត","Kampot","Kampot","10.578851","103.993994"
145,"KAMA016","Prey Thnang","Kampot","កំពត","Tuek Chhou","Tuek Chhou","10.69138","104.253991"
146,"KAMA017","Trapeang Sangkae","Kampot","កំពត","Tuek Chhou","Tuek Chhou","10.592727","104.247785"
147,"KAMA018","Kampong Kandal","Kampot","កំពត","Kampot","Kampot","10.603561","104.186762"
148,"KAMA019","Ruessei Srok Khang Lech 01","Kampot","កំពត","Kampong Trach","Kampong Trach","10.432794","104.448912"
149,"KAMA020","Kampong Trach Khang Kaeut","Kampot","កំពត","Kampong Trach","Kampong Trach","10.558688","104.467121"
150,"KAMA021","Trapeang Sala Khang Kaeut","Kampot","កំពត","Banteay Meas","Banteay Meas","10.705028","104.620335"
151,"KAMA022","Praphnum","Kampot","កំពត","Angkor Chey","Angkor Chey","10.839616","104.650137"
152,"KAMA023","Ruessei Srok Khang Lech 02","Kampot","កំពត","Kampong Trach","Kampong Trach","10.491692","104.457715"
153,"KAMA024","Ang Sophi","Kampot","កំពត","Kampot","Kampot","10.55492","104.499998"
154,"KAMA025","Damnak Kantuot Khang Cheung","Kampot","កំពត","Kampong Trach","Kampong Trach","10.616107","104.451051"
155,"KAMA026","L ang","Kampot","កំពត","Kampot","Kampot","10.741902","104.341575"
156,"KAMA027","Tuk Meas Khang Lech","Kampot","កំពត","Banteay Meas","Banteay Meas","10.666234","104.560236"
157,"KAMA028","Preaek Tnaot 02","Kampot","កំពត","Kampot","Kampot","10.612442","103.931604"
158,"KAMA029","Dambouk Khpuos","Kampot","កំពត","Kampot","Kampot","10.776852","104.568238"
159,"KAMA030","Dong Tong","Kampot","កំពត","Kampot","Kampot","10.62885","104.47109"
160,"KAMA031","KampongTrach","Kampot","កំពត","Kampong Trach","Kampong Trach","10.447786","104.437666"
161,"KAMP001","Kampot","Kampot","កំពត","Kampot","Kampot","10.619812","104.182473"
162,"KAMS001","Krang Ampil","Kampot","កំពត","Kampot","Kampot","10.6143893","104.1821269"
163,"KAMS002","Tuk Meas Khang Lech","Kampot","កំពត","Banteay Meas","Banteay Meas","10.667472","104.560635"
164,"KAMS003","Satv Pong","Kampot","កំពត","Chhuk","Chhuk","10.835357","104.454835"
165,"SPEA006","Chhuk","Kampot","កំពត","Chhuk","Chhuk","11.131556","104.151154"
166,"KANA001","Preaek Chrey","Kandal","កណ្តាល","Ta Khmau","Ta Khmau","10.96737","105.10423"
167,"KANA002","Sampov Pun 01","Kandal","កណ្តាល","Ta Khmau","Ta Khmau","11.027526","105.05863"
168,"KANA003","Pou Ban 01","Kandal","កណ្តាល","Ta Khmau","Ta Khmau","11.195817","105.061087"
169,"KANA004","Settak bou","Kandal","កណ្តាល","Ta Khmau","Ta Khmau","11.455657","105.029998"
170,"KANA005","Svay Rolum","Kandal","កណ្តាល","Ta Khmau","Ta Khmau","11.455178","104.999608"
171,"KANA006","Krang Youv","Kandal","កណ្តាល","Ta Khmau","Ta Khmau","11.292181","104.947988"
172,"KANA007","Khpob","Kandal","កណ្តាល","Leuk Daek","Leuk Daek","11.265877","105.033555"
173,"KANA008","Khpob Ateav","Kandal","កណ្តាល","Leuk Daek","Leuk Daek","11.058028","105.191104"
174,"KANA009","Kokir Thum","Kandal","កណ្តាល","Kien Svay","Kien Svay","11.3343","105.241244"
175,"KANA010","Samraong Thum","Kandal","កណ្តាល","Kien Svay","Kien Svay","11.398369","105.236634"
176,"KANA011","Cheung Kaeub","Kandal","កណ្តាល","Kandal Stueng","Kandal Stueng","11.42506","104.875069"
177,"KANA012","Dei Ed","Kandal","កណ្តាល","Kien Svay","Kien Svay","11.493478","105.097377"
178,"KANA013","Chheu Teal 01","Kandal","កណ្តាល","Kien Svay","Kien Svay","11.464371","104.977234"
179,"KANA014","Chheu Teal 02","Kandal","កណ្តាល","Kien Svay","Kien Svay","11.468815","105.025253"
180,"KANA017","Preaek Anhchanh","Kandal","កណ្តាល","Mukh Kampul","Mukh Kampul","11.741298","104.98207"
181,"KANA018","Roka Kaong Ti Muoy","Kandal","កណ្តាល","Kandal Stueng","Kandal Stueng","11.848625","104.994513"
182,"KANA019","Kampong Luong","Kandal","កណ្តាល","Ponhea Lueu","Ponhea Lueu","11.819205","104.802207"
183,"KANA020","Preaek Koy","Kandal","កណ្តាល","S'ang","S'ang","11.367409","105.004007"
184,"KANA021","Preaek Hour 01","Kandal","កណ្តាល","Ta Khmau","Ta Khmau","11.456473","104.932033"
185,"KANA022","Cheung Kaeub","Kandal","កណ្តាល","Kandal Stueng","Kandal Stueng","11.439455","104.892452"
186,"KANA023","Preaek Hour 02","Kandal","កណ្តាល","Ta Khmau","Ta Khmau","11.4466","104.88001"
187,"KANA024","Daeum Rues","Kandal","កណ្តាល","Kandal Stueng","Kandal Stueng","11.418343","104.791698"
188,"KANA026","Traeuy Sla","Kandal","កណ្តាល","S'ang","S'ang","11.319958","105.067528"
189,"KANA027","Preaek Ruessei","Kandal","កណ្តាល","Lvea Aem","Lvea Aem","11.470329","104.936806"
190,"KANA028","Siem Reab","Kandal","កណ្តាល","Kandal Stueng","Kandal Stueng","11.389382","104.863461"
191,"KANA029","Kampong Samnanh","Kandal","កណ្តាល","Ta Khmau","Ta Khmau","11.460466","104.942209"
192,"KANA031","Preaek Ta Meak","Kandal","កណ្តាល","Khsach Kandal","Khsach Kandal","11.749088","105.011697"
193,"KANA033","Preaek Rey","Kandal","កណ្តាល","Lvea Aem","Lvea Aem","11.528229","105.14387"
194,"KANA034","Roka Khpuos","Kandal","កណ្តាល","Kandal Stueng","Kandal Stueng","11.420457","104.983317"
195,"KANA036","Sambuor Meas","Kandal","កណ្តាល","Lvea Aem","Lvea Aem","11.667183","104.866842"
196,"KANA037","Sambuor","Kandal","កណ្តាល","Lvea Aem","Lvea Aem","11.47773","105.162037"
197,"KANA038","Preaek Ruessei","Kandal","កណ្តាល","Lvea Aem","Lvea Aem","11.4686","105.209882"
198,"KANA039","Chheu Khmau","Kandal","កណ្តាល","Ta Khmau","Ta Khmau","11.048601","105.077687"
199,"KANA040","Sampov Pun 02","Kandal","កណ្តាល","Ta Khmau","Ta Khmau","10.954919","105.07873"
200,"KANA041","Leuk Daek","Kandal","កណ្តាល","Kaoh Thum","Kaoh Thum","11.130317","105.130143"
201,"KANA042","Pou Ban 02","Kandal","កណ្តាល","Ta Khmau","Ta Khmau","11.182247","104.074302"
202,"KANA043","Puk Ruessei","Kandal","កណ្តាល","Khsach Kandal","Khsach Kandal","11.684915","104.968129"
203,"KANA044","Svay Romiet 01","Kandal","កណ្តាល","Khsach Kandal","Khsach Kandal","11.795103","105.015382"
204,"KANA045","Svay Romiet 02","Kandal","កណ្តាល","Khsach Kandal","Khsach Kandal","11.8122","105.038624"
205,"KANA046","Prek Krabao Ti 2","Kandal","កណ្តាល","Ta Khmau","Ta Khmau","11.6601777","104.96405"
206,"KANA049","Roka","Kandal","កណ្តាល","Kandal Stueng","Kandal Stueng","11.451665","104.720281"
207,"KANA066","Wat Prek Ampil","Kandal","កណ្តាល","Ta Khmau","Ta Khmau","11.647094","104.957062"
208,"KANP001","Ta Khmau","Kandal","កណ្តាល","Ta Khmau","Ta Khmau","11.4777335","104.9487032"
209,"KANS001","Ta Khmao","Kandal","កណ្តាល","Ta Khmau","Ta Khmau","11.473225","104.94918"
210,"KANS002","Kokir","Kandal","កណ្តាល","Kien Svay","Kien Svay","11.511094","105.048311"
211,"KANS003","Preaek Thmei","Kandal","កណ្តាល","Kandal Stueng","Kandal Stueng","11.133705","105.057119"
212,"KANS004","Preaek Anhchanh","Kandal","កណ្តាល","Mukh Kampul","Mukh Kampul","11.738","104.9776"
213,"KANS005","Baek Chan","Kandal","កណ្តាល","Angk Snuol","Angk Snuol","11.509273","104.741863"
214,"KEPA001","Ou Krasar","Kep","កែប","Kaeb","Kaeb","10.55536","104.2883"
215,"KEPA002","Damnak Chang Aeur","Kep","កែប","Battambang","Battambang","10.576537","104.390497"
216,"KOHA001","Dang Tung","Koh Kong","កោះកុង","Khemarak Phoumin","Khemarak Phoumin","11.595865","102.979171"
217,"KOHA002","Trapeang Rung","Koh Kong","កោះកុង","Kaoh Kong","Kaoh Kong","11.379754","103.257654"
218,"KOHA003","Andoung Tuek","Koh Kong","កោះកុង","Botum Sakor","Botum Sakor","11.18609","103.468786"
219,"KOHA004","Dang Tung 02","Koh Kong","កោះកុង","Khemarak Phoumin","Khemarak Phoumin","11.608304","102.982362"
220,"KOHA005","Srae Ambel","Koh Kong","កោះកុង","Srae Ambel","Srae Ambel","11.1860333","103.4687297"
221,"KOHA006","Srae Ambel","Koh Kong","កោះកុង","Srae Ambel","Srae Ambel","11.122887","103.745922"
222,"KOHA007","Phnhi Meas","Koh Kong","កោះកុង","Kiri Sakor","Kiri Sakor","10.990343","103.2221"
223,"KOHA008","Pak Khlang","Koh Kong","កោះកុង","Mondol Seima","Mondol Seima","11.642346","102.922879"
224,"KOHA009","Ruessei Chrum","Koh Kong","កោះកុង","Thma Bang","Thma Bang","11.683293","103.44224"
225,"KOHA010","Smach Mean Chey","Koh Kong","កោះកុង","Khemara Phoumin","Khemara Phoumin","11.61593","102.98466"
226,"KOHA012","Cham Yeam","Koh Kong","កោះកុង","Khemarak Phoumin","Khemarak Phoumin","11.383526","102.5550684"
227,"KOHP001","Khemmeakrakphumin","Koh Kong","កោះកុង","Khemarak Phoumin","Khemarak Phoumin","11.61075","102.978804"
228,"KOHS001","Smach Mean Chey","Koh Kong","កោះកុង","Khemara Phoumin","Khemara Phoumin","11.6154","102.98474"
229,"HUBKRA01","Hub vùng HUBKRA01","Kratie","ក្រចេះ","Kratie","Kratie","11.60057282320601","105.7085677384363"
230,"KRAA001","Sambok","Kratie","ក្រចេះ","Chetr Borei","Chetr Borei","12.5903","106.0265"
231,"KRAA003","Chhloung","Kratie","ក្រចេះ","Chhloung","Chhloung","12.252597","105.977067"
232,"KRAA004","Kbal Damrei","Kratie","ក្រចេះ","Or Krieng Saenchay","Or Krieng Saenchay","12.86919","106.198153"
233,"KRAA005","Svay Chreah","Kratie","ក្រចេះ","Snuol","Snuol","12.320298","106.324222"
234,"KRAA006","Kranhung Saen Chey","Kratie","ក្រចេះ","Kratie","Kratie","12.129537","106.653759"
235,"KRAA007","Ou Krieng","Kratie","ក្រចេះ","Or Krieng Saenchay","Or Krieng Saenchay","13.043829","106.180606"
236,"KRAA008","Sambour","Kratie","ក្រចេះ","Sambour","Sambour","12.776424","105.964835"
237,"KRAA009","Sandan","Kratie","ក្រចេះ","Sambour","Sambour","12.689547","106.021083"
238,"KRAA010","Chambak","Kratie","ក្រចេះ","Kratie","Kratie","12.278305","105.801464"
239,"KRAA012","Kanhchor","Kratie","ក្រចេះ","Chhloung","Chhloung","12.33255","106.052751"
240,"KRAP001","Kracheh","Kratie","ក្រចេះ","Kracheh","Kracheh","12.482385","106.020364"
241,"KRAS001","Kracheh","Kratie","ក្រចេះ","Kracheh","Kracheh","12.4896","106.016"
242,"KRAS002","Snuol","Kratie","ក្រចេះ","Snuol","Snuol","12.0746","106.4211"
243,"KRAS003","Chhloung","Kratie","ក្រចេះ","Chhloung","Chhloung","12.2569","105.9602"
244,"KRAS004","Sambour","Kratie","ក្រចេះ","Sambour","Sambour","12.774535","105.964866"
245,"KRAS005","Preaek Prasab","Kratie","ក្រចេះ","Prek Prasab","Prek Prasab","12.35199","106.03661"
246,"DVCMEGA1","MEGA transport team","Battambang","បាត់ដំបង","Battambang","Battambang","11.63907","104.85378"
247,"MEGA1","MEGA1","Battambang","បាត់ដំបង","Battambang","Battambang","11.63108284623856","104.855487538099"
248,"MONA001","Chong Phlah","Mondul Kiri","មណ្ឌលគិរី","Kaev Seima","Kaev Seima","12.614578","106.876878"
249,"MONA002","Dak Dam","Mondul Kiri","មណ្ឌលគិរី","Ou Reang","Ou Reang","12.423385","107.312825"
250,"MONA003","Srae Sangkum","Mondul Kiri","មណ្ឌលគិរី","Kaoh Nheaek","Kaoh Nheaek","13.075742","107.044095"
251,"MONA004","Bu Sra","Mondul Kiri","មណ្ឌលគិរី","Pech Chreada","Pech Chreada","12.541149","107.431679"
252,"MONA005","Pu Chrey","Mondul Kiri","មណ្ឌលគិរី","Pech Chreada","Pech Chreada","12.684758","107.218298"
253,"MONA006","Srae Ampum","Mondul Kiri","មណ្ឌលគិរី","Pech Chreada","Pech Chreada","12.541868","107.337129"
254,"MONA007","Srae Khtum","Mondul Kiri","មណ្ឌលគិរី","Kaev Seima","Kaev Seima","12.112262","106.886145"
255,"MONA008","Srae Chhuk","Mondul Kiri","មណ្ឌលគិរី","Kaev Seima","Kaev Seima","12.139465","106.718123"
256,"MONP001","Mondulkiri","Mondul Kiri","មណ្ឌលគិរី","Senmonorom","Senmonorom","12.457818","107.187645"
257,"MONS001","Spean Mean Chey","Mondul Kiri","មណ្ឌលគិរី","Saen Monourom","Saen Monourom","12.454312","107.187197"
258,"ODDA001","Anlung Veaeng 01","Oddar Meanchey","ឧត្តរមានជ័យ","Samraong","Samraong","14.08214","104.095182"
259,"ODDA002","Anlung Veaeng 02","Oddar Meanchey","ឧត្តរមានជ័យ","Samraong","Samraong","14.232786","104.080505"
260,"ODDA003","Trapeang Tav","Oddar Meanchey","ឧត្តរមានជ័យ","Anlong Veaeng","Anlong Veaeng","14.22539","103.897009"
261,"ODDA004","Trapeang Prasat 01","Oddar Meanchey","ឧត្តរមានជ័យ","Trapeang Prasat","Trapeang Prasat","14.19811","104.356795"
262,"ODDA005","Trapeang Prasat 02","Oddar Meanchey","ឧត្តរមានជ័យ","Trapeang Prasat","Trapeang Prasat","14.112373","104.342542"
263,"ODDA006","Samraong","Oddar Meanchey","ឧត្តរមានជ័យ","Samraong","Samraong","14.177446","103.507004"
264,"ODDA007","Chong Kal","Oddar Meanchey","ឧត្តរមានជ័យ","Chong Kal","Chong Kal","13.961066","103.572905"
265,"ODDA008","Kouk Mon","Oddar Meanchey","ឧត្តរមានជ័យ","Banteay Ampil","Banteay Ampil","14.161922","103.288798"
266,"ODDP001","Samraong","Oddar Meanchey","ឧត្តរមានជ័យ","Samraong","Samraong","14.171544","103.511342"
267,"ODDS001","Samraong","Oddar Meanchey","ឧត្តរមានជ័យ","Samraong","Samraong","14.17525","103.5071667"
268,"ODDS002","Anlung Veaeng","Oddar Meanchey","ឧត្តរមានជ័យ","Samraong","Samraong","14.230011","104.0781543"
269,"PAIA001","Pailin","Pailin","ប៉ៃលិន","Pailin","Pailin","12.857257","102.604963"
270,"PAIA002","Sala Krau","Pailin","ប៉ៃលិន","Sala Krau","Sala Krau","12.948435","102.591515"
271,"PAIA003","Stueng Kach","Pailin","ប៉ៃលិន","Sala Krau","Sala Krau","12.934088","102.501392"
272,"PAIS001","Pailin","Pailin","ប៉ៃលិន","Pailin","Pailin","12.857211","102.604989"
273,"PNPA001","Prey Sa","Phnom Penh","ភ្នំពេញ","Dangkao","Dangkao","11.500609","104.858078"
274,"PNPA002","Oulampik 01","Phnom Penh","ភ្នំពេញ","Chamkar Mon","Chamkar Mon","11.55307","104.91135"
275,"PNPA003","Tuek Thla 01","Phnom Penh","ភ្នំពេញ","Saensokh","Saensokh","11.556812","104.881281"
276,"PNPA004","Chaom Chau Ti Pir","Phnom Penh","ភ្នំពេញ","Chamkar Mon","Chamkar Mon","11.534467","104.84961"
277,"PNPA005","Trapeang Thloeng 4","Phnom Penh","ភ្នំពេញ","Chamkar Mon","Chamkar Mon","11.531301","104.860961"
278,"PNPA006","Kakab Ti Pir","Phnom Penh","ភ្នំពេញ","Chamkar Mon","Chamkar Mon","11.563","104.8416"
279,"PNPA007","Dangkao","Phnom Penh","ភ្នំពេញ","Dangkao","Dangkao","11.5153","104.8856"
280,"PNPA008","Stueng Mean Chey Ti Bei","Phnom Penh","ភ្នំពេញ","Chamkar Mon","Chamkar Mon","11.5293","104.8768"
281,"PNPA013","Kamboul","Phnom Penh","ភ្នំពេញ","Kamboul","Kamboul","11.4411","104.7519"
282,"PNPA016","Angk Snuol","Phnom Penh","ភ្នំពេញ","Chamkar Mon","Chamkar Mon","11.509205","104.750279"
283,"PNPA017","SOMOL MONORITH","Phnom Penh","ភ្នំពេញ","Chamkar Mon","Chamkar Mon","11.535556","104.761811"
284,"PNPA019","Ta Nuon","Phnom Penh","ភ្នំពេញ","Chamkar Mon","Chamkar Mon","11.535552","104.761817"
285,"PNPA020","Tuol Svay Prey Ti Pir","Phnom Penh","ភ្នំពេញ","Boeng Keng Kang","Boeng Keng Kang","11.551024","104.904515"
286,"PNPA022","Tien","Phnom Penh","ភ្នំពេញ","Dangkao","Dangkao","11.44122","104.855906"
287,"PNPA023","Chaom Chau Ti Pir","Phnom Penh","ភ្នំពេញ","Chamkar Mon","Chamkar Mon","11.52833","104.844216"
288,"PNPA024","Kakab Ti Muoy","Phnom Penh","ភ្នំពេញ","Chamkar Mon","Chamkar Mon","11.561142","104.841369"
289,"PNPA025","Chaom Chau Ti Muoy 01","Phnom Penh","ភ្នំពេញ","Chamkar Mon","Chamkar Mon","11.531051","104.809553"
290,"PNPA026","Stueng Mean Chey Ti Muoy","Phnom Penh","ភ្នំពេញ","Chamkar Mon","Chamkar Mon","11.525871","104.875463"
291,"PNPA027","Boeng Tumpun Ti Pir","Phnom Penh","ភ្នំពេញ","Chamkar Mon","Chamkar Mon","11.514045","104.920608"
292,"PNPA028","Chaom Chau Ti Muoy 02","Phnom Penh","ភ្នំពេញ","Chamkar Mon","Chamkar Mon","11.5215","104.8725"
293,"PNPA029","Stueng Mean Chey Ti Pir","Phnom Penh","ភ្នំពេញ","Chamkar Mon","Chamkar Mon","11.524998","104.89214"
294,"PNPA030","Stueng Mean Chey Ti Muoy","Phnom Penh","ភ្នំពេញ","Chamkar Mon","Chamkar Mon","11.548701","104.896919"
295,"PNPA031","Dangkao 01","Phnom Penh","ភ្នំពេញ","Dangkao","Dangkao","11.5064","104.8867"
296,"PNPA032","Spean Thma","Phnom Penh","ភ្នំពេញ","Dangkao","Dangkao","11.4607","104.8898"
297,"PNPA033","Cheung Aek","Phnom Penh","ភ្នំពេញ","Dangkao","Dangkao","11.495626","104.893718"
298,"PNPA034","Dangkao 02","Phnom Penh","ភ្នំពេញ","Dangkao","Dangkao","11.43287","105.59722"
299,"PNPA035","Ruessei Kaev 01","Phnom Penh","ភ្នំពេញ","Russey Keo","Russey Keo","11.612098","104.916483"
300,"PNPA036","Phsar Daeum Kor","Phnom Penh","ភ្នំពេញ","Tuol Kouk","Tuol Kouk","11.5558","104.903971"
301,"PNPA037","Ruessei Kaev 02","Phnom Penh","ភ្នំពេញ","Russey Keo","Russey Keo","11.60771","104.910754"
302,"PNPA038","Kouk Khleang","Phnom Penh","ភ្នំពេញ","Saensokh","Saensokh","11.597575","104.868313"
303,"PNPA039","Phnum Penh Thmei","Phnom Penh","ភ្នំពេញ","Chamkar Mon","Chamkar Mon","11.572758","104.871636"
304,"PNPA040","Tuek Thla 02","Phnom Penh","ភ្នំពេញ","Saensokh","Saensokh","11.553224","104.885042"
305,"PNPA041","Oulampik 02","Phnom Penh","ភ្នំពេញ","Chamkar Mon","Chamkar Mon","11.554833","104.910783"
306,"PNPA043","Preaek Pra","Phnom Penh","ភ្នំពេញ","Chbar Ampov","Chbar Ampov","11.5047","104.9453"
307,"PNPA044","Phsar Chas","Phnom Penh","ភ្នំពេញ","Doun Penh","Doun Penh","11.572105","104.924878"
308,"PNPA045","Boeng Proluet","Phnom Penh","ភ្នំពេញ","Prampir Meakkakra","Prampir Meakkakra","11.561033","104.91571"
309,"PNPA046","Chaom Chau Ti Bei 01","Phnom Penh","ភ្នំពេញ","Chamkar Mon","Chamkar Mon","11.532243","104.832501"
310,"PNPA047","Phsar Thmei Ti Bei","Phnom Penh","ភ្នំពេញ","Doun Penh","Doun Penh","11.567417","104.92398"
311,"PNPA048","Chrang Chamreh Ti Pir","Phnom Penh","ភ្នំពេញ","Russey Keo","Russey Keo","11.630997","104.903476"
312,"PNPA051","Tuek L'ak Ti Bei","Phnom Penh","ភ្នំពេញ","Tuol Kouk","Tuol Kouk","11.55678","104.893393"
313,"PNPA052","Chak Angrae Kraom","Phnom Penh","ភ្នំពេញ","Mean Chey","Mean Chey","11.50926","104.937224"
314,"PNPA055","Boeng Tumpun Ti Muoy","Phnom Penh","ភ្នំពេញ","Chamkar Mon","Chamkar Mon","11.520161","104.916818"
315,"PNPA059","Phsar Toch","Phnom Penh","ភ្នំពេញ","Chamkar Mon","Chamkar Mon","11.590202","104.916787"
316,"PNPA060","Phsar Thmei Ti Muoy","Phnom Penh","ភ្នំពេញ","Doun Penh","Doun Penh","11.570329","104.921707"
317,"PNPA064","Prey Pring Khang Tboung 2","Phnom Penh","ភ្នំពេញ","Chamkar Mon","Chamkar Mon","11.524598","104.826706"
318,"PNPA069","Ou Baek K am","Phnom Penh","ភ្នំពេញ","Chamkar Mon","Chamkar Mon","11.5524","104.8851"
319,"PNPA070","Nirouth","Phnom Penh","ភ្នំពេញ","Chbar Ampov","Chbar Ampov","11.519818","104.945927"
320,"PNPA071","Chong Khsach","Phnom Penh","ភ្នំពេញ","Chamkar Mon","Chamkar Mon","11.588579","104.915295"
321,"PNPA072","Phsar Toch","Phnom Penh","ភ្នំពេញ","Chamkar Mon","Chamkar Mon","11.590341","104.907171"
322,"PNPA073","Phsar Depou Ti Pir Phum 2","Phnom Penh","ភ្នំពេញ","Tuol Kouk","Tuol Kouk","11.566332","104.905016"
323,"PNPA074","Tuek Thla","Phnom Penh","ភ្នំពេញ","Saensokh","Saensokh","11.5576","104.8686"
324,"PNPA079","Kab Phluk","Phnom Penh","ភ្នំពេញ","Chamkar Mon","Chamkar Mon","11.502116","104.806126"
325,"PNPA080","Phleung Chheh Roteh","Phnom Penh","ភ្នំពេញ","Kamboul","Kamboul","11.491788","104.81429"
326,"PNPA081","Phsar Thmei Ti Bei Phum 3","Phnom Penh","ភ្នំពេញ","Doun Penh","Doun Penh","11.565271","104.923624"
327,"PNPA087","Boeng Tumpun Ti Muoy","Phnom Penh","ភ្នំពេញ","Chamkar Mon","Chamkar Mon","11.530862","104.912548"
328,"PNPA088","Chaom Chau Ti Bei 02","Phnom Penh","ភ្នំពេញ","Chamkar Mon","Chamkar Mon","11.537322","104.815671"
329,"PNPA091","Chaom Chau 2 Phum 1","Phnom Penh","ភ្នំពេញ","Pur SenChey","Pur SenChey","11.52026","104.806014"
330,"PNPA095","Wat Nirouth","Phnom Penh","ភ្នំពេញ","Chbar Ampov","Chbar Ampov","11.522177","104.9465878"
331,"PNPA096","Tuek L ak Ti Bei Phum 2","Phnom Penh","ភ្នំពេញ","Chamkar Mon","Chamkar Mon","11.566","104.89096"
332,"PNPA100","Tuol Pongro","Phnom Penh","ភ្នំពេញ","Chamkar Mon","Chamkar Mon","11.513179","104.858848"
333,"PNPP001","Chamkar Mon","Phnom Penh","ភ្នំពេញ","Chamkar Mon","Chamkar Mon","11.5498322","104.9003168"
334,"PNPP002","Mean Chey 01","Phnom Penh","ភ្នំពេញ","Chamkar Mon","Chamkar Mon","11.5121","104.93619"
335,"PNPP003","Mean Chey 02","Phnom Penh","ភ្នំពេញ","Chamkar Mon","Chamkar Mon","11.547075","104.884"
336,"PNPP004","Preaek Pnov","Phnom Penh","ភ្នំពេញ","Chamkar Mon","Chamkar Mon","11.6583","104.8637"
337,"PNPP005","Chbar Ampov","Phnom Penh","ភ្នំពេញ","Chbar Ampov","Chbar Ampov","11.5317","104.9369"
338,"PNPP006","Tuol Kouk","Phnom Penh","ភ្នំពេញ","Chamkar Mon","Chamkar Mon","11.5903","104.8974"
339,"PNPP007","Boeng Keng Kang","Phnom Penh","ភ្នំពេញ","Boeng Keng Kang","Boeng Keng Kang","11.55514","104.915931"
340,"PNPP008","Pou Saen Chey 01","Phnom Penh","ភ្នំពេញ","Chamkar Mon","Chamkar Mon","11.561082","104.853001"
341,"PNPP009","Pou Saen Chey 02","Phnom Penh","ភ្នំពេញ","Chamkar Mon","Chamkar Mon","11.5302","104.8521"
342,"PNPP010","Chraoy Chongvar","Phnom Penh","ភ្នំពេញ","Chamkar Mon","Chamkar Mon","11.6407","104.918"
343,"PNPP011","Dangkao","Phnom Penh","ភ្នំពេញ","Dangkao","Dangkao","11.50786","104.8915"
344,"PNPP012","Kamboul","Phnom Penh","ភ្នំពេញ","Kamboul","Kamboul","11.518005","104.774501"
345,"PNPP013","Saen Sokh","Phnom Penh","ភ្នំពេញ","Chamkar Mon","Chamkar Mon","11.590052","104.876093"
346,"PNPP014","Doun Penh","Phnom Penh","ភ្នំពេញ","Chamkar Mon","Chamkar Mon","11.56927","104.91889"
347,"PNPS001","Phsar Thmei Ti Muoy","Phnom Penh","ភ្នំពេញ","Doun Penh","Doun Penh","11.566858","104.920799"
348,"PNPS002","Boeng Kak Ti Pir","Phnom Penh","ភ្នំពេញ","Tuol Kouk","Tuol Kouk","11.573333","104.897194"
349,"PNPS003","Nirouth","Phnom Penh","ភ្នំពេញ","Chbar Ampov","Chbar Ampov","11.531241","104.941846"
350,"PNPS004","Tuek Thla","Phnom Penh","ភ្នំពេញ","Saensokh","Saensokh","11.562672","104.877815"
351,"PNPS005","Chaom Chau Ti Muoy 01","Phnom Penh","ភ្នំពេញ","Chamkar Mon","Chamkar Mon","11.532352","104.832526"
352,"PNPS006","Srah Chak","Phnom Penh","ភ្នំពេញ","Doun Penh","Doun Penh","11.585659","104.915881"
353,"PNPS007","Tuol Svay Prey Ti Pir","Phnom Penh","ភ្នំពេញ","Boeng Keng Kang","Boeng Keng Kang","11.550046","104.904741"
354,"PNPS008","Chaom Chau Ti Muoy 02","Phnom Penh","ភ្នំពេញ","Chamkar Mon","Chamkar Mon","11.532598","104.870151"
355,"TEST","MAPBCCS","Phnom Penh","ភ្នំពេញ","Chamkar Mon","Chamkar Mon","11.55094","104.93591"
356,"PREA001","Prey Pnov 01","Prey Veng","ព្រៃវែង","Pea Reang","Pea Reang","11.611617","105.367041"
357,"PREA002","Prey Kanlaong","Prey Veng","ព្រៃវែង","Pur Rieng","Pur Rieng","11.548952","105.321298"
358,"PREA003","Svay Antor 01","Prey Veng","ព្រៃវែង","Svay Antor","Svay Antor","11.571646","105.420105"
359,"PREA004","Svay Antor 02","Prey Veng","ព្រៃវែង","Svay Antor","Svay Antor","11.59789","105.420474"
360,"PREA005","Preaek Ta Sar","Prey Veng","ព្រៃវែង","Pur Rieng","Pur Rieng","11.5544","105.127824"
361,"PREA006","Prey Daeum Thnoeng","Prey Veng","ព្រៃវែង","Sithor Kandal","Sithor Kandal","11.775516","105.369815"
362,"PREA007","Roka","Prey Veng","ព្រៃវែង","Peam Chor","Peam Chor","11.664424","105.225004"
363,"PREA008","Prey Pnov 02","Prey Veng","ព្រៃវែង","Pea Reang","Pea Reang","11.648247","105.34067"
364,"PREA009","Smaong Khang Cheung","Prey Veng","ព្រៃវែង","Kamchay Mear","Kamchay Mear","11.553368","105.600953"
365,"PREA010","Tnaot","Prey Veng","ព្រៃវែង","Kanhchriech","Kanhchriech","11.743958","105.530275"
366,"PREA011","Kranhung","Prey Veng","ព្រៃវែង","Kamchay Mear","Kamchay Mear","11.575922","105.662392"
367,"PREA012","Chres 01","Prey Veng","ព្រៃវែង","Me Sang","Me Sang","11.342191","105.622593"
368,"PREA013","Prasat","Prey Veng","ព្រៃវែង","Kampong Trabaek","Kampong Trabaek","11.147729","105.541211"
369,"PREA014","Angkor Sar","Prey Veng","ព្រៃវែង","Me Sang","Me Sang","11.268447","105.667765"
370,"PREA015","Banteay Chakrei 01","Prey Veng","ព្រៃវែង","Preah Sdach","Preah Sdach","11.029347","105.378702"
371,"PREA016","Boeng Preah","Prey Veng","ព្រៃវែង","Ba Phnum","Ba Phnum","11.325107","105.440185"
372,"PREA017","Preaek Khsay Kha","Prey Veng","ព្រៃវែង","Peam Ro","Peam Ro","11.263423","105.284942"
373,"PREA018","Prey Totueng","Prey Veng","ព្រៃវែង","Me Sang","Me Sang","11.39061","105.609572"
374,"PREA019","Kampong Trabaek","Prey Veng","ព្រៃវែង","Kamchay Mear","Kamchay Mear","11.142464","105.482792"
375,"PREA020","Angkor Reach","Prey Veng","ព្រៃវែង","Preah Sdach","Preah Sdach","11.095309","105.384188"
376,"PREA021","Banteay Chakrei 02","Prey Veng","ព្រៃវែង","Preah Sdach","Preah Sdach","10.966321","105.42245"
377,"PREA022","Chres 02","Prey Veng","ព្រៃវែង","Me Sang","Me Sang","11.352907","105.646832"
378,"PREA023","Peam Ro","Prey Veng","ព្រៃវែង","Peam Ro","Peam Ro","11.32042","105.283219"
379,"PREA024","Chheu Kach","Prey Veng","ព្រៃវែង","Ba Phnum","Ba Phnum","11.256568","105.400833"
380,"PREA025","Peam Muntear","Prey Veng","ព្រៃវែង","Prey Veng","Prey Veng","11.008778","105.464324"
381,"PREA026","Prey Tueng","Prey Veng","ព្រៃវែង","Sithor Kandal","Sithor Kandal","11.739997","105.372161"
382,"PREA027","CHHEANG SEANGKHIN","Prey Veng","ព្រៃវែង","Prey Veng","Prey Veng","11.31939","105.399572"
383,"PREA028","Sao Raksmey","Prey Veng","ព្រៃវែង","Prey Veng","Prey Veng","11.84313","105.370159"
384,"PREA029","Kampong Soeng","Prey Veng","ព្រៃវែង","Preah Sdach","Preah Sdach","11.215623","105.347501"
385,"PREA030","Me Sang","Prey Veng","ព្រៃវែង","Prey Veng","Prey Veng","11.327182","105.541394"
386,"PREA031","Kampong Trabaek","Prey Veng","ព្រៃវែង","Kamchay Mear","Kamchay Mear","11.197135","105.515982"
387,"PREA032","Peam Ro","Prey Veng","ព្រៃវែង","Peam Ro","Peam Ro","11.343899","105.305749"
388,"PREA033","Svay Antor","Prey Veng","ព្រៃវែង","Svay Antor","Svay Antor","11.462464","105.498355"
389,"PREA034","Kamchay Mear","Prey Veng","ព្រៃវែង","Prey Veng","Prey Veng","11.62477","105.761708"
390,"PREP001","Prey Veng","Prey Veng","ព្រៃវែង","Prey Veng","Prey Veng","11.4895","105.329192"
391,"PRES001","Kampong Leav","Prey Veng","ព្រៃវែង","Prey Veng","Prey Veng","11.486712","105.326166"
392,"PRES002","Preaek Khsay Kha","Prey Veng","ព្រៃវែង","Peam Ro","Peam Ro","11.261454","105.289131"
393,"PRES003","Chheu Kach","Prey Veng","ព្រៃវែង","Ba Phnum","Ba Phnum","11.256791","105.400789"
394,"PRES004","Chheu Kach","Prey Veng","ព្រៃវែង","Ba Phnum","Ba Phnum","11.256732","105.400851"
395,"PRES005","Roka","Prey Veng","ព្រៃវែង","Peam Chor","Peam Chor","11.663987","105.221573"
396,"PRHA001","Pal Hal","Preah Vihear","ព្រះវិហារ","Preah Vihear","Preah Vihear","13.737871","104.978647"
397,"PRHA002","Toek Kraham","Preah Vihear","ព្រះវិហារ","Preah Vihear","Preah Vihear","14.148894","105.082134"
398,"PRHA003","Rumdaoh Srae","Preah Vihear","ព្រះវិហារ","Choam Ksant","Choam Ksant","14.171889","104.787173"
399,"PRHA004","Kantuot","Preah Vihear","ព្រះវិហារ","Choam Ksant","Choam Ksant","14.238194","104.728915"
400,"PRHA005","Kuleaen Tboung","Preah Vihear","ព្រះវិហារ","Kuleaen","Kuleaen","13.818537","104.702415"
401,"PRHA006","Choam Khsan","Preah Vihear","ព្រះវិហារ","Preah Vihear","Preah Vihear","14.220675","104.943625"
402,"PRHA007","Kampong Sralau Pir","Preah Vihear","ព្រះវិហារ","Chhaeb","Chhaeb","13.975337","105.848255"
403,"PRHA008","Chamraeun","Preah Vihear","ព្រះវិហារ","Sangkum Thmei","Sangkum Thmei","13.579335","104.896452"
404,"PRHA009","S'ang","Preah Vihear","ព្រះវិហារ","Chey Saen","Chey Saen","13.653966","105.260717"
405,"PRHA010","Preah Khleang","Preah Vihear","ព្រះវិហារ","Tbaeng Mean Chey","Tbaeng Mean Chey","13.620566","105.030259"
406,"PRHA011","Robieb","Preah Vihear","ព្រះវិហារ","Rovieng","Rovieng","13.357681","105.114889"
407,"PRHA012","Chhaeb Muoy","Preah Vihear","ព្រះវិហារ","Chhaeb","Chhaeb","13.768454","105.408876"
408,"PRHA013","Rummeakney","Preah Vihear","ព្រះវិហារ","Preah Vihear","Preah Vihear","13.304101","105.002355"
409,"PRHA015","Phnum Tbaeng Pir","Preah Vihear","ព្រះវិហារ","Kuleaen","Kuleaen","13.716508","104.77564"
410,"PRHA016","Srayang","Preah Vihear","ព្រះវិហារ","Kuleaen","Kuleaen","13.705809","104.545423"
411,"PRHP001","Preah Vihear","Preah Vihear","ព្រះវិហារ","Preah Vihear","Preah Vihear","13.794295","104.97836"
412,"PRHS001","Kampong Pranak","Preah Vihear","ព្រះវិហារ","Preah Vihear","Preah Vihear","13.805255","104.97862"
413,"PURA001","Kandieng","Pursat","ពោធិ៍សាត់","Kandieng","Kandieng","12.584246","103.956298"
414,"PURA002","Srae Sdok","Pursat","ពោធិ៍សាត់","Kandieng","Kandieng","12.662178","103.94826"
415,"PURA003","Chheu Tom","Pursat","ពោធិ៍សាត់","Krakor","Krakor","12.296662","104.174028"
416,"PURA004","Phteah Rung","Pursat","ពោធិ៍សាត់","Ta Lou Senchey","Ta Lou Senchey","12.423372","103.729909"
417,"PURA005","Sna Ansa","Pursat","ពោធិ៍សាត់","Krakor","Krakor","12.53697","104.145334"
418,"PURA006","Leach","Pursat","ពោធិ៍សាត់","Phnum Kravanh","Phnum Kravanh","12.351028","103.768345"
419,"PURA007","Ta Lou 01","Pursat","ពោធិ៍សាត់","Ta Lou Senchey","Ta Lou Senchey","12.4878","103.5941"
420,"PURA008","Anlung Tnaot","Pursat","ពោធិ៍សាត់","Pursat","Pursat","12.533559","104.204472"
421,"PURA009","Me Tuek","Pursat","ពោធិ៍សាត់","Bakan","Bakan","12.69584","103.740165"
422,"PURA010","Pramaoy 01","Pursat","ពោធិ៍សាត់","Veal Veaeng","Veal Veaeng","12.306994","103.095853"
423,"PURA011","Pramaoy 02","Pursat","ពោធិ៍សាត់","Veal Veaeng","Veal Veaeng","12.355181","103.469557"
424,"PURA012","Ou Ta Paong","Pursat","ពោធិ៍សាត់","Bakan","Bakan","12.660656","103.670925"
425,"PURA013","Ou Saom","Pursat","ពោធិ៍សាត់","Veal Veaeng","Veal Veaeng","12.080807","103.205989"
426,"PURA014","Snam Preah","Pursat","ពោធិ៍សាត់","Bakan","Bakan","12.626963","103.836676"
427,"PURA015","Ou Sandan","Pursat","ពោធិ៍សាត់","Krakor","Krakor","12.557407","104.114851"
428,"PURA016","Ta Lou 02","Pursat","ពោធិ៍សាត់","Ta Lou Senchey","Ta Lou Senchey","12.4892","103.6503"
429,"PURA017","Boeng Khnar","Pursat","ពោធិ៍សាត់","Bakan","Bakan","12.632193","103.734616"
430,"PURA018","Trapeang Chong","Pursat","ពោធិ៍សាត់","Pursat","Pursat","12.580989","103.737537"
431,"PURP001","Pousat","Pursat","ពោធិ៍សាត់","Pursat","Pursat","12.53454","103.91531"
432,"PURS001","Phteah Prey","Pursat","ពោធិ៍សាត់","Pursat","Pursat","12.537229","103.920705"
433,"PURS002","Boeng Khnar","Pursat","ពោធិ៍សាត់","Bakan","Bakan","12.635697","103.72688"
434,"ROTA001","Trapeang Chres","Ratanak Kiri","Ratanak Kiri","Koun Mom","Koun Mom","13.57925","106.772128"
435,"ROTA002","Labansiek","Ratanak Kiri","Ratanak Kiri","Ban Lung","Ban Lung","13.739982","106.991325"
436,"ROTA003","Ta Veaeng Leu","Ratanak Kiri","Ratanak Kiri","Ta Veaeng","Ta Veaeng","14.045859","107.107888"
437,"ROTA004","Veun Sai","Ratanak Kiri","Ratanak Kiri","Veun Sai","Veun Sai","13.751117","107.24869"
438,"ROTA005","Lum Choar","Ratanak Kiri","Ratanak Kiri","Ou Ya Dav","Ou Ya Dav","13.670254","107.349959"
439,"ROTA006","Chey Otdam 01","Ratanak Kiri","Ratanak Kiri","Lumphat","Lumphat","13.486692","106.981576"
440,"ROTA007","Malik","Ratanak Kiri","Ratanak Kiri","Andoung Meas","Andoung Meas","13.865468","107.305068"
441,"ROTA008","Kachanh 01","Ratanak Kiri","Ratanak Kiri","Ban Lung","Ban Lung","13.719616","106.956511"
442,"ROTA009","Kachanh 02","Ratanak Kiri","Ratanak Kiri","Ban Lung","Ban Lung","13.713741","106.977345"
443,"ROTA010","Teun","Ratanak Kiri","Ratanak Kiri","Koun Mom","Koun Mom","13.683354","106.88182"
444,"ROTA011","Chey Otdam 02","Ratanak Kiri","Ratanak Kiri","Lumphat","Lumphat","13.459472","106.95973"
445,"ROTA012","Ba Tang","Ratanak Kiri","Ratanak Kiri","Lumphat","Lumphat","13.580911","106.957987"
446,"ROTA013","Ou Chum","Ratanak Kiri","Ratanak Kiri","Ou Chum","Ou Chum","13.796013","106.993309"
447,"ROTA014","Trapeang Kraham 01","Ratanak Kiri","Ratanak Kiri","Koun Mom","Koun Mom","13.508764","106.654464"
448,"ROTA015","Veun Sai","Ratanak Kiri","Ratanak Kiri","Veun Sai","Veun Sai","13.9749","106.8164"
449,"ROTA016","Trapeang Kraham 02","Ratanak Kiri","Ratanak Kiri","Koun Mom","Koun Mom","13.542316","106.686128"
450,"ROTA017","Srae Angkrong","Ratanak Kiri","Ratanak Kiri","Banlung","Banlung","13.433351","106.61364"
451,"ROTP001","Ratanakiri","Ratanak Kiri","Ratanak Kiri","Banlung","Banlung","13.737781","106.987692"
452,"ROTS001","Labansiek","Ratanak Kiri","Ratanak Kiri","Ban Lung","Ban Lung","13.7367","106.9864"
453,"ROTS002","La Minh","Ratanak Kiri","Ratanak Kiri","Bar Kaev","Bar Kaev","13.686","107.2169"
454,"ROTS003","Boeng Kansaeng","Ratanak Kiri","Ratanak Kiri","Ban Lung","Ban Lung","13.7451","106.9894"
455,"HUBSIE001","Hub vùng HUBSIE001","Siem Reap","សៀមរាប","Siem Reap","Siem Reap","13.66321698331083","104.2234763258576"
456,"SIEA001","Svay Leu","Siemreap","Siemreap","Svay Leu","Svay Leu","13.551747","104.252698"
457,"SIEA002","Puok 01","Siemreap","Siemreap","Puok","Puok","13.400147","103.79594"
458,"SIEA003","Dam Daek","Siemreap","Siemreap","Soutr Nikom","Soutr Nikom","13.248097","104.124303"
459,"SIEA005","Srangae","Siemreap","Siemreap","Siem Reap","Siem Reap","13.365655","103.808087"
460,"SIEA006","Kralanh","Siemreap","Siemreap","Kralanh","Kralanh","13.588405","103.417674"
461,"SIEA007","Srae Nouy","Siemreap","Siemreap","Varin","Varin","13.813315","104.046877"
462,"SIEA008","Kampong Kdei","Siemreap","Siemreap","Chi Kraeng","Chi Kraeng","13.111871","104.354264"
463,"SIEA009","Samraong","Siemreap","Siemreap","Puok","Puok","13.393213","103.867875"
464,"SIEA010","Kantreang","Siemreap","Siemreap","Prasat Bakong","Prasat Bakong","13.352193","104.024788"
465,"SIEA011","Sala Kamraeuk","Siem Reap","សៀមរាប","Siem Reap","Siem Reap","13.354795","103.869528"
466,"SIEA012","Ballang","Siemreap","Siemreap","Prasat Bakong","Prasat Bakong","13.475203","104.17265"
467,"SIEA014","Chrouy Neang Nguon","Siemreap","Siemreap","Srei Snam","Srei Snam","13.8277","103.5156"
468,"SIEA016","Siem Reab","Siemreap","Siemreap","Siem Reap","Siem Reap","13.318811","103.851774"
469,"SIEA017","Kouk Chak","Siem Reap","សៀមរាប","Siem Reap","Siem Reap","13.580205","103.880291"
470,"SIEA022","Puok 02","Siemreap","Siemreap","Puok","Puok","13.44275","103.727382"
471,"SIEA030","Char Chhuk","Siemreap","Siemreap","Angkor Chum","Angkor Chum","13.683854","103.649091"
472,"SIEA031","Khnar Sanday","Siemreap","Siemreap","Banteay Srei","Banteay Srei","13.586712","103.956676"
473,"SIEA033","Svay Sa","Siemreap","Siemreap","Varin","Varin","13.79006","103.750383"
474,"SIEA034","Anlung Samnar","Siem Reap","សៀមរាប","Siem Reap","Siem Reap","13.068422","103.289207"
475,"SIEA035","Sla Kram","Siemreap","Siemreap","Siem Reap","Siem Reap","13.358351","103.893148"
476,"SIEA036","Kaev Poar","Siemreap","Siemreap","Puok","Puok","13.387312","103.743113"
477,"SIEA037","Ruessei Lok","Siemreap","Siemreap","Chi Kraeng","Chi Kraeng","13.199103","104.214583"
478,"SIEA039","Kandaek","Siemreap","Siemreap","Prasat Bakong","Prasat Bakong","13.356339","103.916749"
479,"SIEP001","Siem Reab","Siemreap","Siemreap","Siem Reap","Siem Reap","13.359287","103.883998"
480,"SIES001","Kouk Chak","Siem Reap","សៀមរាប","Siem Reap","Siem Reap","13.381318","103.853015"
481,"SIES002","Siem Reab","Siemreap","Siemreap","Siem Reap","Siem Reap","13.359275","103.854515"
482,"SIES003","Dam Daek","Siemreap","Siemreap","Soutr Nikom","Soutr Nikom","13.244512","104.124204"
483,"HUBSIH01","Hub vùng HUBSIH01","Preah Sihanouk","ព្រះសីហនុ","Preah Sihanouk","Preah Sihanouk","10.72425540436019","103.8113340931852"
484,"SIHA001","Tumnob Rolok","Preah Sihanouk","ព្រះសីហនុ","Stueng Hav","Stueng Hav","10.737428","103.624233"
485,"SIHA002","Boeng Ta Prum","Preah Sihanouk","ព្រះសីហនុ","Prey Nob","Prey Nob","10.573382","103.773205"
486,"SIHA003","Ou Oknha Heng","Preah Sihanouk","ព្រះសីហនុ","Prey Nob","Prey Nob","10.589629","103.763962"
487,"SIHA004","Prey Nob","Preah Sihanouk","ព្រះសីហនុ","Prey Nob","Prey Nob","10.629706","103.782186"
488,"SIHA005","Andoung Thma","Preah Sihanouk","ព្រះសីហនុ","Prey Nob","Prey Nob","10.675489","103.800485"
489,"SIHA006","Cheung Kou","Preah Sihanouk","ព្រះសីហនុ","Prey Nob","Prey Nob","10.753846","103.804156"
490,"SIHA007","Lekh Muoy 01","Preah Sihanouk","ព្រះសីហនុ","Preah Sihanouk","Preah Sihanouk","10.662359","103.522013"
491,"SIHA008","Lekh Muoy 02","Preah Sihanouk","ព្រះសីហនុ","Preah Sihanouk","Preah Sihanouk","10.664146","103.522118"
492,"SIHA009","Stueng Chhay","Preah Sihanouk","ព្រះសីហនុ","Kampong Seila","Kampong Seila","10.939812","103.798362"
493,"SIHP001","Preah Sihanouk","Preah Sihanouk","ព្រះសីហនុ","Preah Sihanouk","Preah Sihanouk","10.620638","103.541226"
494,"SIHS001","Lekh Buon","Preah Sihanouk","ព្រះសីហនុ","Preah Sihanouk","Preah Sihanouk","10.61986","103.52744"
495,"SIHS002","Veal Renh","Preah Sihanouk","ព្រះសីហនុ","Prey Nob","Prey Nob","10.709813","103.818335"
496,"SPEA001","Preah Khae","Kampong Speu","កំពង់ស្ពឺ","Basedth","Basedth","11.174528","104.500433"
497,"SPEA002","Svay Rumpear","Kampong Speu","កំពង់ស្ពឺ","Basedth","Basedth","11.211305","104.583741"
498,"SPEA003","Krang Chek","Kampong Speu","កំពង់ស្ពឺ","Samkkei Munichay","Samkkei Munichay","11.582755","104.531477"
499,"SPEA004","Roka Kaoh 01","Kampong Speu","កំពង់ស្ពឺ","Basedth","Basedth","11.426686","104.661059"
500,"SPEA005","Sambour","Kampong Speu","កំពង់ស្ពឺ","Phnum Sruoch","Phnum Sruoch","11.533326","104.618288"
501,"SPEA007","Samrong Tong","Kampong Speu","កំពង់ស្ពឺ","Samraong Tong","Samraong Tong","11.54068","104.595483"
502,"SPEA008","Pou Chamraeun","Kampong Speu","កំពង់ស្ពឺ","Basedth","Basedth","11.105882","104.598308"
503,"SPEA009","Traeng Trayueng","Kampong Speu","កំពង់ស្ពឺ","Phnum Sruoch","Phnum Sruoch","11.277905","104.211297"
504,"SPEA010","Pneay","Kampong Speu","កំពង់ស្ពឺ","Samraong Tong","Samraong Tong","11.517333","104.520212"
505,"SPEA011","Rung Roeang","Kampong Speu","កំពង់ស្ពឺ","Thpong","Thpong","11.721285","104.520246"
506,"SPEA012","Amleang","Kampong Speu","កំពង់ស្ពឺ","Thpong","Thpong","11.801009","104.342315"
507,"SPEA013","Skuh","Kampong Speu","កំពង់ស្ពឺ","Samraong Tong","Samraong Tong","11.404436","104.51386"
508,"SPEA014","Chambak","Kampong Speu","កំពង់ស្ពឺ","Phnum Sruoch","Phnum Sruoch","11.396063","104.111423"
509,"SPEA015","Roleang Kreul 01","Kampong Speu","កំពង់ស្ពឺ","Samraong Tong","Samraong Tong","11.445192","104.62579"
510,"SPEA016","Roka Kaoh 02","Kampong Speu","កំពង់ស្ពឺ","Basedth","Basedth","11.412777","104.651533"
511,"SPEA017","Khsem Khsan","Kampong Speu","កំពង់ស្ពឺ","Odongk Maechay","Odongk Maechay","11.686979","104.70185"
512,"SPEA018","Pheakdei","Kampong Speu","កំពង់ស្ពឺ","Basedth","Basedth","11.177036","104.407526"
513,"SPEA019","Prey Kmeng","Kampong Speu","កំពង់ស្ពឺ","Phnum Sruoch","Phnum Sruoch","11.308992","104.438688"
514,"SPEA020","Prey Sralaeng","Kampong Speu","កំពង់ស្ពឺ","Chbar Mon","Chbar Mon","11.157493","104.684507"
515,"SPEA021","Tang Krouch","Kampong Speu","កំពង់ស្ពឺ","Phnum Sruoch","Phnum Sruoch","11.531039","104.416137"
516,"SPEA022","Voa Sar","Kampong Speu","កំពង់ស្ពឺ","Samraong Tong","Samraong Tong","11.475615","104.567907"
517,"SPEA023","Trapeang Chou","Kampong Speu","កំពង់ស្ពឺ","Aoral","Aoral","11.811444","104.129407"
518,"SPEA024","Ou Ta Vam","Kampong Speu","កំពង់ស្ពឺ","Phnum Sruoch","Phnum Sruoch","11.323964","104.578105"
519,"SPEA025","Tang Sya","Kampong Speu","កំពង់ស្ពឺ","Phnum Sruoch","Phnum Sruoch","11.38836","104.377905"
520,"SPEA026","Ta Sal","Kampong Speu","កំពង់ស្ពឺ","Aoral","Aoral","11.703038","103.939144"
521,"SPEA027","Ou","Kampong Speu","កំពង់ស្ពឺ","Basedth","Basedth","11.342067","104.322307"
522,"SPEA028","Veang Chas","Kampong Speu","កំពង់ស្ពឺ","Odongk Maechay","Odongk Maechay","11.823481","104.743066"
523,"SPEA029","Sangkae Satob","Kampong Speu","កំពង់ស្ពឺ","Aoral","Aoral","11.680048","104.147813"
524,"SPEA031","Krang Khnong","Kampong Speu","កំពង់ស្ពឺ","Chbar Mon","Chbar Mon","11.309173","104.631576"
525,"SPEA032","Roleang Kreul 02","Kampong Speu","កំពង់ស្ពឺ","Samraong Tong","Samraong Tong","11.440644","104.639622"
526,"SPEP001","Chbar Mon","Kampong Speu","កំពង់ស្ពឺ","Chbar Mon","Chbar Mon","11.465375","104.527043"
527,"SPES001","Rokar Thum","Kampong Speu","កំពង់ស្ពឺ","Chbar Mon","Chbar Mon","11.460768","104.514622"
528,"SPES002","Snam Krapeu","Kampong Speu","កំពង់ស្ពឺ","Kong Pisei","Kong Pisei","11.286801","104.706699"
529,"STUA001","Sekong","Stung Treng","ស្ទឹងត្រែង","Siem Pang","Siem Pang","14.115063","106.385817"
530,"STUA002","Siem Bouk 01","Stung Treng","ស្ទឹងត្រែង","Siem Bouk","Siem Bouk","13.334026","106.103639"
531,"STUA003","Ou Svay","Stung Treng","ស្ទឹងត្រែង","Borei Ou Svay Senchey","Borei Ou Svay Senchey","13.880126","106.001924"
532,"STUA004","Kbal Romeas 01","Stung Treng","ស្ទឹងត្រែង","Sesan","Sesan","13.422893","106.280728"
533,"STUA006","Siem Bouk 02","Stung Treng","ស្ទឹងត្រែង","Siem Bouk","Siem Bouk","13.360574","105.959553"
534,"STUA007","Phluk","Stung Treng","ស្ទឹងត្រែង","Sesan","Sesan","13.564517","106.17007"
535,"STUA008","Kbal Romeas 02","Stung Treng","ស្ទឹងត្រែង","Sesan","Sesan","13.417695","106.198157"
536,"STUA009","Anlung Chrey","Stung Treng","ស្ទឹងត្រែង","Stung Treng","Stung Treng","13.765682","105.671585"
537,"STUA010","Preah Rumkel","Stung Treng","ស្ទឹងត្រែង","Borei Ou Svay Senchey","Borei Ou Svay Senchey","13.894888","105.964596"
538,"STUP001","Stung Treng","Stung Treng","ស្ទឹងត្រែង","Stung Treng","Stung Treng","13.528625","105.971602"
539,"STUS001","Stueng Traeng","Stung Treng","ស្ទឹងត្រែង","Stueng Traeng","Stueng Traeng","13.5285","105.9709"
540,"SVAA001","Khsaet","Svay Rieng","ស្វាយរៀង","Kampong Rou","Kampong Rou","10.926719","105.985774"
541,"SVAA002","Kokir","Svay Rieng","ស្វាយរៀង","Chantrea","Chantrea","11.443579","105.861148"
542,"SVAA003","Ang Prasrae","Svay Rieng","ស្វាយរៀង","Svay Rieng","Svay Rieng","11.323111","105.818189"
543,"SVAA004","Kampong Chak","Svay Rieng","ស្វាយរៀង","Rumduol","Rumduol","11.171601","105.818778"
544,"SVAA005","Bati","Svay Rieng","ស្វាយរៀង","Bavet","Bavet","10.992849","106.129186"
545,"SVAA006","Samraong","Svay Rieng","ស្វាយរៀង","Chantrea","Chantrea","10.9291","106.1414"
546,"SVAA007","Kruos","Svay Rieng","ស្វាយរៀង","Svay Chrum","Svay Chrum","11.061583","105.668694"
547,"SVAA008","Chantrei","Svay Rieng","ស្វាយរៀង","Romeas Haek","Romeas Haek","11.284448","105.72468"
548,"SVAA009","Doun Sa","Svay Rieng","ស្វាយរៀង","Svay Chrum","Svay Chrum","11.225428","105.724589"
549,"SVAA010","Kampong Trach","Svay Rieng","ស្វាយរៀង","Romeas Haek","Romeas Haek","11.410974","105.784585"
550,"SVAA011","Sambat Mean Chey","Svay Rieng","ស្វាយរៀង","Svay Rieng","Svay Rieng","11.437822","105.691046"
551,"SVAA012","Doung","Svay Rieng","ស្វាយរៀង","Romeas Haek","Romeas Haek","11.338164","105.862059"
552,"SVAA013","Chres","Svay Rieng","ស្វាយរៀង","Chantrea","Chantrea","10.935155","106.057092"
553,"SVAA014","Mream","Svay Rieng","ស្វាយរៀង","Romeas Haek","Romeas Haek","11.311113","105.674529"
554,"SVAA015","Svay Thum","Svay Rieng","ស្វាយរៀង","Svay Chrum","Svay Chrum","11.021884","105.603819"
555,"SVAA016","Pou Reach","Svay Rieng","ស្វាយរៀង","Svay Rieng","Svay Rieng","11.150287","105.762472"
556,"SVAA017","Chrey Thum","Svay Rieng","ស្វាយរៀង","Romeas Haek","Romeas Haek","11.408281","105.716263"
557,"SVAA018","Koki Saom","Svay Rieng","ស្វាយរៀង","Svay Teab","Svay Teab","11.159454","105.938441"
558,"SVAA019","Svay Chrum","Svay Rieng","ស្វាយរៀង","Svay Chrum","Svay Chrum","11.117568","105.716027"
559,"SVAA020","Pouthi","Svay Rieng","ស្វាយរៀង","Svay Chrum","Svay Chrum","10.9867","106.1258"
560,"SVAA021","Kampot Chroot","Svay Rieng","ស្វាយរៀង","Svay Rieng","Svay Rieng","11.0351","106.0189"
561,"SVAA022","Bos Svay","Svay Rieng","ស្វាយរៀង","Svay Rieng","Svay Rieng","11.2337","105.8807"
562,"SVAP001","Svay Rieng","Svay Rieng","ស្វាយរៀង","Svay Rieng","Svay Rieng","11.0914361","105.7915562"
563,"SVAS001","Svay Rieng","Svay Rieng","ស្វាយរៀង","Svay Rieng","Svay Rieng","11.082903","105.7966346"
564,"SVAS002","Bavet","Svay Rieng","ស្វាយរៀង","Bavet","Bavet","11.0705","106.1577"
565,"SVAS003","Chrak Mtes","Svay Rieng","ស្វាយរៀង","Bavet","Bavet","11.0381","106.0115"
566,"SVAS004","Kampong Trach","Svay Rieng","ស្វាយរៀង","Romeas Haek","Romeas Haek","11.412753","105.794946"
567,"TAKA001","Ou Saray","Takeo","តាកែវ","Tram Kak","Tram Kak","11.075468","104.496893"
568,"TAKA002","Sun Chanchav","Takeo","តាកែវ","Doun Kaev","Doun Kaev","11.034202","104.590535"
569,"TAKA003","Trapeang Kranhung","Takeo","តាកែវ","Doun Kaev","Doun Kaev","11.093079","104.414537"
570,"TAKA004","Tram Kak","Takeo","តាកែវ","Tram Kak","Tram Kak","10.911496","104.589815"
571,"TAKA005","Romenh 01","Takeo","តាកែវ","Kaoh Andaet","Kaoh Andaet","10.7957","104.9502"
572,"TAKA006","Sambuor","Takeo","តាកែវ","Treang","Treang","10.962474","104.857369"
573,"TAKA007","Angkanh","Takeo","តាកែវ","Prey Kabbas","Prey Kabbas","11.083932","104.94629"
574,"TAKA008","Khvav","Takeo","តាកែវ","Samraong","Samraong","10.92014","104.72301"
575,"TAKA009","Kouk Pou","Takeo","តាកែវ","Borei Cholsar","Borei Cholsar","10.892675","104.902756"
576,"TAKA010","Krapum Chhuk","Takeo","តាកែវ","Kaoh Andaet","Kaoh Andaet","10.706738","104.916813"
577,"TAKA011","Prey Rumdeng","Takeo","តាកែវ","Kiri Vong","Kiri Vong","10.619044","104.767197"
578,"TAKA012","Prey Sloek","Takeo","តាកែវ","Treang","Treang","10.904813","104.783549"
579,"TAKA013","Phnum Den","Takeo","តាកែវ","Kiri Vong","Kiri Vong","10.60243","104.906536"
580,"TAKA014","Prey Phdau","Takeo","តាកែវ","Prey Kabbas","Prey Kabbas","11.165364","104.876075"
581,"TAKA015","Romenh 02","Takeo","តាកែវ","Kaoh Andaet","Kaoh Andaet","10.800032","104.937742"
582,"TAKA016","Angkor Borei","Takeo","តាកែវ","Angkor Borei","Angkor Borei","10.997932","104.973288"
583,"TAKA017","Trea","Takeo","តាកែវ","Samraong","Samraong","11.103537","104.821108"
584,"TAKA018","Doung Khpos","Takeo","តាកែវ","Bati","Bati","10.867205","104.86635"
585,"TAKA019","Lumchang","Takeo","តាកែវ","Samraong","Samraong","11.073395","104.75951"
586,"TAKA020","Prey Khla","Takeo","តាកែវ","Kaoh Andaet","Kaoh Andaet","10.75647","104.872143"
587,"TAKA022","Kandoeng","Takeo","តាកែវ","Bati","Bati","11.285664","104.840462"
588,"TAKA023","Rovieng","Takeo","តាកែវ","Samraong","Samraong","11.201191","104.787972"
589,"TAKA024","Ta Ou","Takeo","តាកែវ","Kiri Vong","Kiri Vong","10.577666","104.798714"
590,"TAKA025","Ang Ta Saom","Takeo","តាកែវ","Kiri Vong","Kiri Vong","11.012834","104.672232"
591,"TAKA026","Prey Ampok","Takeo","តាកែវ","Kiri Vong","Kiri Vong","10.632234","104.791171"
592,"TAKA027","Preah Bat Choan Chum","Takeo","តាកែវ","Kiri Vong","Kiri Vong","10.644722","104.874741"
593,"TAKA028","Borei Chulsar","Takeo","តាកែវ","Doun Kaev","Doun Kaev","10.859956","104.947543"
594,"TAKA031","Ba Srae","Takeo","តាកែវ","Angkor Borei","Angkor Borei","11.056967","104.952222"
595,"TAKA032","Roka Krau","Takeo","តាកែវ","Doun Kaev","Doun Kaev","10.97977","104.778003"
596,"TAKA033","Prey Kabbas","Takeo","តាកែវ","Prey Kabbas","Prey Kabbas","11.162099","104.958486"
597,"TAKA034","Rokar Knong","Takeo","តាកែវ","Doun Kaev","Doun Kaev","10.981908","104.777601"
598,"TAKA036","Tnolbek","Takeo","តាកែវ","Doun Kaev","Doun Kaev","10.810856","104.806805"
599,"TAKP001","Doun Kaev","Takeo","តាកែវ","Doun Kaev","Doun Kaev","10.989227","104.773957"
600,"TAKS001","Roka Krau","Takeo","តាកែវ","Doun Kaev","Doun Kaev","10.9791","104.7772"
601,"TAKS002","Ang Ta Saom","Takeo","តាកែវ","Kiri Vong","Kiri Vong","11.0101","104.6718"
602,"TAKS003","Trapeang Sab","Takeo","តាកែវ","Bati","Bati","11.2656982757642","104.825915410417"
603,"TAKS004","Preah Bat Choan Chum","Takeo","តាកែវ","Kiri Vong","Kiri Vong","10.6442","104.875"
604,"TBKA001","Peus Mouy","Tboung Khmum","ត្បូងឃ្មុំ","Suong","Suong","12.248393","105.717783"
605,"TBKA002","Tramung","Tboung Khmum","ត្បូងឃ្មុំ","Memot","Memot","11.819494","106.190896"
606,"TBKA003","Rokarpo Pram","Tboung Khmum","ត្បូងឃ្មុំ","Suong","Suong","12.040843","105.711399"
607,"TBKA004","Choam Kravien","Tboung Khmum","ត្បូងឃ្មុំ","Memot","Memot","11.770064","106.338638"
608,"TBKA005","Dar","Tboung Khmum","ត្បូងឃ្មុំ","Memot","Memot","11.80188","106.119953"
609,"TBKA006","Rumchek","Tboung Khmum","ត្បូងឃ្មុំ","Memot","Memot","12.105325","106.000691"
610,"TBKA008","Kaong Kang","Tboung Khmum","ត្បូងឃ្មុំ","Ponhea Kraek","Ponhea Kraek","11.810423","105.844209"
611,"TBKA009","Trapeang Phlong","Tboung Khmum","ត្បូងឃ្មុំ","Ponhea Kraek","Ponhea Kraek","11.692978","105.966143"
612,"TBKA010","Dambae","Tboung Khmum","ត្បូងឃ្មុំ","Dambae","Dambae","12.017253","105.884091"
613,"TBKA011","Chong Cheach","Tboung Khmum","ត្បូងឃ្មុំ","Dambae","Dambae","11.912352","105.861044"
614,"TBKA012","Chhuk","Tboung Khmum","ត្បូងឃ្មុំ","Krouch Chhmar","Krouch Chhmar","12.157931","105.739451"
615,"TBKA013","Chumnik","Tboung Khmum","ត្បូងឃ្មុំ","Krouch Chhmar","Krouch Chhmar","12.25263","105.817345"
616,"TBKA014","Trea","Tboung Khmum","ត្បូងឃ្មុំ","Krouch Chhmar","Krouch Chhmar","12.234293","105.546472"
617,"TBKA015","Chak","Tboung Khmum","ត្បូងឃ្មុំ","Ou Reang Ov","Ou Reang Ov","11.776389","105.598362"
618,"TBKA016","Kraek","Tboung Khmum","ត្បូងឃ្មុំ","Ponhea Kraek","Ponhea Kraek","11.785283","106.002698"
619,"TBKA017","Kor 01","Tboung Khmum","ត្បូងឃ្មុំ","Tboung Khmum","Tboung Khmum","11.973743","105.742968"
620,"TBKA018","Choam Ta Mau","Tboung Khmum","ត្បូងឃ្មុំ","Memot","Memot","11.886598","106.243362"
621,"TBKA019","Chob","Tboung Khmum","ត្បូងឃ្មុំ","Tboung Khmum","Tboung Khmum","11.918445","105.603895"
622,"TBKA020","Peam Chileang","Tboung Khmum","ត្បូងឃ្មុំ","Tboung Khmum","Tboung Khmum","12.101092","105.547606"
623,"TBKA021","Sralab","Tboung Khmum","ត្បូងឃ្មុំ","Tboung Khmum","Tboung Khmum","11.862282","105.738753"
624,"TBKA022","Kor 02","Tboung Khmum","ត្បូងឃ្មុំ","Tboung Khmum","Tboung Khmum","11.976871","105.716563"
625,"TBKP001","Suong","Tboung Khmum","ត្បូងឃ្មុំ","Suong","Suong","11.911554","105.651283"
626,"TBKS001","Suong","Tboung Khmum","ត្បូងឃ្មុំ","Suong","Suong","11.910232","105.653275"
627,"TBKS002","Kraek","Tboung Khmum","ត្បូងឃ្មុំ","Ponhea Kraek","Ponhea Kraek","11.763201","105.940445"
628,"TBKS003","Memut","Tboung Khmum","ត្បូងឃ្មុំ","Suong","Suong","11.828102","106.182878"
629,"TBKS004","Ampil Ta Pok","Tboung Khmum","ត្បូងឃ្មុំ","Ou Reang Ov","Ou Reang Ov","11.796341","105.499489"
630,"THOA001","Srayouv","Kampong Thom","កំពង់ធំ","Steung Saen","Steung Saen","12.657969","104.919848"
631,"THOA002","Sou Young","Kampong Thom","កំពង់ធំ","Taing Kouk","Taing Kouk","12.247011","105.123774"
632,"THOA003","Triel","Kampong Thom","កំពង់ធំ","Taing Kouk","Taing Kouk","12.333434","105.105665"
633,"THOA004","Baray","Kampong Thom","កំពង់ធំ","Baray","Baray","12.396384","105.083396"
634,"THOA005","Bak Sna","Kampong Thom","កំពង់ធំ","Baray","Baray","12.515992","105.281484"
635,"THOA006","Tbaeng","Kampong Thom","កំពង់ធំ","Kampong Svay","Kampong Svay","12.793109","104.78912"
636,"THOA007","Tang Krasang","Kampong Thom","កំពង់ធំ","Santuk","Santuk","12.56012","105.04978"
637,"THOA008","San Ko","Kampong Thom","កំពង់ធំ","Kampong Svay","Kampong Svay","12.80811","104.738129"
638,"THOA009","Tum Ring","Kampong Thom","កំពង់ធំ","Sandan","Sandan","12.901008","105.424327"
639,"THOA010","Kraya","Kampong Thom","កំពង់ធំ","Prasat Ballangk","Prasat Ballangk","13.118471","104.762385"
640,"THOA011","Sala Visai","Kampong Thom","កំពង់ធំ","Prasat Ballangk","Prasat Ballangk","12.948858","104.944323"
641,"THOA012","Steung Sean","Kampong Thom","កំពង់ធំ","Steung Saen","Steung Saen","12.870132","105.068985"
642,"THOA013","Chhuk","Kampong Thom","កំពង់ធំ","Baray","Baray","12.931402","105.164794"
643,"THOA014","Krava","Kampong Thom","កំពង់ធំ","Baray","Baray","12.473985","105.244491"
644,"THOA015","Kampong Chen Tboung","Kampong Thom","កំពង់ធំ","Stoung","Stoung","12.929947","104.579938"
645,"THOA016","Chamna Kraom","Kampong Thom","កំពង់ធំ","Stoung","Stoung","12.848016","104.635693"
646,"THOA017","Steung Sean","Kampong Thom","កំពង់ធំ","Steung Saen","Steung Saen","12.728917","104.89055"
647,"THOA018","Steung Sean","Kampong Thom","កំពង់ធំ","Steung Saen","Steung Saen","12.87017","105.06897"
648,"THOP001","Stueng Saen","Kampong Thom","កំពង់ធំ","Steung Saen","Steung Saen","12.718887","104.886428"
649,"THOP018","Steung Sean","Kampong Thom","កំពង់ធំ","Steung Saen","Steung Saen","12.622","105.4718"
650,"THOS001","Prey Ta Hu","Kampong Thom","កំពង់ធំ","Stueng Saen","Stueng Saen","12.718984","104.886849"
651,"THOS002","Ballang","Kampong Thom","កំពង់ធំ","Baray","Baray","12.4996","105.125"
652,"THOS003","Kampong Chen Cheung","Kampong Thom","កំពង់ធំ","Stoung","Stoung","12.943729","104.569481"
653,"THOS004","Sandan","Kampong Thom","កំពង់ធំ","Sandan","Sandan","13.102497","105.241223"
