"id","market","market_kh","object_type","province","province_kh","district","district_kh","commune","commune_kh","latitude","longitude","source","confidence","is_verified","google_maps_url","aliases"
"11001","Wat Phnom","វត្តភ្នំ","pagoda","Phnom Penh","ភ្នំពេញ","Daun Penh","ដូនពេញ","Wat Phnom","វត្តភ្នំ","11.57662","104.92313","curated_landmark","100","true","https://www.google.com/maps?q=11.57662,104.92313","វត្តភ្នំ | Wat Phnom | Wat Phnom Daun Penh | Phnom Pagoda"
"11002","Chroy Changvar Bridge","ស្ពានជ្រោយចង្វា","bridge","Phnom Penh","ភ្នំពេញ","Chroy Changvar","ជ្រោយចង្វារ","Chroy Changvar","ជ្រោយចង្វារ","11.58494","104.93003","curated_landmark","100","true","https://www.google.com/maps?q=11.58494,104.93003","ស្ពានជ្រោយចង្វា | ស្ពានមិត្តភាពកម្ពុជា-ជប៉ុន | ស្ពានមិត្តភាពកម្ពុជា ជប៉ុន | Cambodia-Japan Friendship Bridge | Cambodia Japan Friendship Bridge | Chroy Changvar Bridge"
"11003","Steung Meanchey Flyover","ស្ពានអាកាសស្ទឹងមានជ័យ","bridge","Phnom Penh","ភ្នំពេញ","Mean Chey","មានជ័យ","Steung Meanchey 1","ស្ទឹងមានជ័យទី១","11.5382","104.8898","curated_landmark","100","true","https://www.google.com/maps?q=11.5382,104.8898","ស្ពានអាកាសស្ទឹងមានជ័យ | Steung Meanchey Flyover | Stung Meanchey Flyover | ស្ពានស្ទឹងមានជ័យ"
"11004","Monivong Bridge","ស្ពានព្រះមុនីវង្ស","bridge","Phnom Penh","ភ្នំពេញ","Chbar Ampov","ច្បារអំពៅ","Chbar Ampov 1","ច្បារអំពៅទី១","11.5265","104.9406","curated_landmark","100","true","https://www.google.com/maps?q=11.5265,104.9406","ស្ពានព្រះមុនីវង្ស | ស្ពានមុនីវង្ស | Monivong Bridge | Preah Monivong Bridge"
"11005","Tsubasa Bridge","ស្ពានអ្នកលឿង","bridge","Prey Veng","ព្រៃវែង","Peam Ro","ពាមរក៍","Prek Khsay B","ព្រែកខ្សាយ ប","11.2519","105.2801","curated_landmark","100","true","https://www.google.com/maps?q=11.2519,105.2801","ស្ពានអ្នកលឿង | ស្ពានត្សឹបាសា | Tsubasa Bridge | Neak Loeung Bridge | Neak Leung Bridge"
"11006","Kizuna Bridge","ស្ពានគីហ្សូណា","bridge","Kampong Cham","កំពង់ចាម","Kampong Cham","កំពង់ចាម","Veal Vong","វាលវង់","11.9997","105.4627","curated_landmark","100","true","https://www.google.com/maps?q=11.9997,105.4627","ស្ពានគីហ្សូណា | Kizuna Bridge | Kampong Cham Bridge"
"11007","Phnom Penh International Airport","អាកាសយានដ្ឋានអន្តរជាតិភ្នំពេញ","airport","Phnom Penh","ភ្នំពេញ","Pur SenChey","ពោធិ៍សែនជ័យ","Kakab 1","កាកាបទី១","11.5466","104.8441","curated_landmark","100","true","https://www.google.com/maps?q=11.5466,104.8441","អាកាសយានដ្ឋានអន្តរជាតិភ្នំពេញ | Phnom Penh International Airport | Pochentong Airport | ពោធិ៍ចិនតុង"
"11008","Siem Reap Angkor International Airport","អាកាសយានដ្ឋានអន្តរជាតិសៀមរាបអង្គរ","airport","Siem Reap","សៀមរាប","Sotr Nikum","សូទ្រនិគម","Tayek","តាយ៉ែក","13.3694","104.2231","curated_landmark","100","true","https://www.google.com/maps?q=13.3694,104.2231","អាកាសយានដ្ឋានអន្តរជាតិសៀមរាបអង្គរ | Siem Reap Angkor International Airport | SAI Airport"
"11009","Calmette Hospital","មន្ទីរពេទ្យកាល់ម៉ែត","hospital","Phnom Penh","ភ្នំពេញ","Daun Penh","ដូនពេញ","Srah Chork","ស្រះចក","11.5786","104.9174","curated_landmark","100","true","https://www.google.com/maps?q=11.5786,104.9174","មន្ទីរពេទ្យកាល់ម៉ែត | Calmette Hospital | Calmette"
"11010","Khmer-Soviet Friendship Hospital","មន្ទីរពេទ្យមិត្តភាពខ្មែរ-សូវៀត","hospital","Phnom Penh","ភ្នំពេញ","Chamkar Mon","ចំការមន","Tumnob Teuk","ទំនប់ទឹក","11.5367","104.9007","curated_landmark","100","true","https://www.google.com/maps?q=11.5367,104.9007","មន្ទីរពេទ្យមិត្តភាពខ្មែរ-សូវៀត | ពេទ្យរុស្ស៊ី | Khmer-Soviet Friendship Hospital | Russian Hospital"
"11011","Royal Phnom Penh Hospital","មន្ទីរពេទ្យរ៉ូយ៉ាល់ភ្នំពេញ","hospital","Phnom Penh","ភ្នំពេញ","Sen Sok","សែនសុខ","Sen Sok","សែនសុខ","11.5621","104.8855","curated_landmark","100","true","https://www.google.com/maps?q=11.5621,104.8855","មន្ទីរពេទ្យរ៉ូយ៉ាល់ភ្នំពេញ | Royal Phnom Penh Hospital | Royal Hospital"
"11012","Royal University of Phnom Penh","សាកលវិទ្យាល័យភូមិន្ទភ្នំពេញ","university","Phnom Penh","ភ្នំពេញ","Tuol Kouk","ទួលគោក","Tuol Kouk","ទួលគោក","11.5686","104.8905","curated_landmark","100","true","https://www.google.com/maps?q=11.5686,104.8905","សាកលវិទ្យាល័យភូមិន្ទភ្នំពេញ | Royal University of Phnom Penh | RUPP"
"11013","Institute of Technology of Cambodia","វិទ្យាស្ថានបច្ចេកវិទ្យាកម្ពុជា","university","Phnom Penh","ភ្នំពេញ","Tuol Kouk","ទួលគោក","Tuol Kouk","ទួលគោក","11.5702","104.8976","curated_landmark","100","true","https://www.google.com/maps?q=11.5702,104.8976","វិទ្យាស្ថានបច្ចេកវិទ្យាកម្ពុជា | Institute of Technology of Cambodia | ITC | Techno"
"11014","Independence Monument","វិមានឯករាជ្យ","monument","Phnom Penh","ភ្នំពេញ","Boeng Keng Kang","បឹងកេងកង","Boeng Keng Kang 1","បឹងកេងកងទី១","11.5564","104.9282","curated_landmark","100","true","https://www.google.com/maps?q=11.5564,104.9282","វិមានឯករាជ្យ | Independence Monument | Vimean Ekareach"
"11015","Street 2004","ផ្លូវ២០០៤","road","Phnom Penh","ភ្នំពេញ","Pur SenChey","ពោធិ៍សែនជ័យ","Pur SenChey","ពោធិ៍សែនជ័យ","11.5487","104.8667","curated_landmark","95","true","https://www.google.com/maps?q=11.5487,104.8667","ផ្លូវ2004 | ផ្លូវ២០០៤ | Street 2004 | St 2004 | Road 2004"
"11016","National Road 6A - Chroy Changvar","ផ្លូវជាតិលេខ៦អា ជ្រោយចង្វារ","road","Phnom Penh","ភ្នំពេញ","Chroy Changvar","ជ្រោយចង្វារ","Chroy Changvar","ជ្រោយចង្វារ","11.6015","104.9279","curated_landmark","90","true","https://www.google.com/maps?q=11.6015,104.9279","ផ្លូវ៦A | ផ្លូវ6A | ផ្លូវជាតិលេខ៦អា | National Road 6A | NR6A | Road 6A"
"11017","Russian Federation Boulevard","មហាវិថីសហព័ន្ធរុស្ស៊ី","road","Phnom Penh","ភ្នំពេញ","Sen Sok","សែនសុខ","Sen Sok","សែនសុខ","11.558","104.875","curated_landmark","90","true","https://www.google.com/maps?q=11.558,104.875","មហាវិថីសហព័ន្ធរុស្ស៊ី | Russian Federation Boulevard | Russian Blvd | Confederation de la Russie"
"11018","Monivong Boulevard","មហាវិថីព្រះមុនីវង្ស","road","Phnom Penh","ភ្នំពេញ","Boeng Keng Kang","បឹងកេងកង","Boeng Keng Kang","បឹងកេងកង","11.552","104.923","curated_landmark","90","true","https://www.google.com/maps?q=11.552,104.923","មហាវិថីព្រះមុនីវង្ស | Monivong Boulevard | Preah Monivong Blvd"
"11019","Aeon Mall Phnom Penh","ផ្សារទំនើបអ៉ីអន ភ្នំពេញ","mall","Phnom Penh","ភ្នំពេញ","Chamkar Mon","ចំការមន","Chamkar Mon","ចំការមន","11.5469","104.9317","curated_landmark","100","true","https://www.google.com/maps?q=11.5469,104.9317","Aeon 1 | Aeon Mall 1 | ផ្សារអ៊ីអន១ | Aeon Phnom Penh | ផ្សារទំនើបអ៉ីអន១"
"11020","Aeon Mall Sen Sok City","ផ្សារទំនើបអ៉ីអន សែនសុខ","mall","Phnom Penh","ភ្នំពេញ","Sen Sok","សែនសុខ","Sen Sok","សែនសុខ","11.5947","104.8872","curated_landmark","100","true","https://www.google.com/maps?q=11.5947,104.8872","Aeon 2 | Aeon Mall 2 | ផ្សារអ៊ីអន២ | Aeon Sen Sok | ផ្សារទំនើបអ៉ីអន២"
"11021","Aeon Mall Meanchey","ផ្សារទំនើបអ៉ីអន មានជ័យ","mall","Phnom Penh","ភ្នំពេញ","Mean Chey","មានជ័យ","Mean Chey","មានជ័យ","11.5243","104.9312","curated_landmark","100","true","https://www.google.com/maps?q=11.5243,104.9312","Aeon 3 | Aeon Mall 3 | ផ្សារអ៊ីអន៣ | Aeon Meanchey | ផ្សារទំនើបអ៉ីអន៣"
"11022","Chip Mong 271 Mega Mall","ផ្សារទំនើប ជីប ម៉ុង ២៧១","mall","Phnom Penh","ភ្នំពេញ","Mean Chey","មានជ័យ","Mean Chey","មានជ័យ","11.5342","104.9185","curated_landmark","100","true","https://www.google.com/maps?q=11.5342,104.9185","Chip Mong 271 | Chip Mong Mall 271 | ជីបម៉ុង២៧១ | Chip Mong Mega Mall"
"11023","Royal Palace Phnom Penh","ព្រះបរមរាជវាំង","landmark","Phnom Penh","ភ្នំពេញ","Daun Penh","ដូនពេញ","Daun Penh","ដូនពេញ","11.5625","104.9318","curated_landmark","100","true","https://www.google.com/maps?q=11.5625,104.9318","ព្រះបរមរាជវាំង | Royal Palace | Preah Barum Reachea Veang"
"11024","National Museum of Cambodia","សារមន្ទីរជាតិ","museum","Phnom Penh","ភ្នំពេញ","Daun Penh","ដូនពេញ","Chey Chumneah","ជ័យជំនះ","11.5658","104.9304","curated_landmark","100","true","https://www.google.com/maps?q=11.5658,104.9304","សារមន្ទីរជាតិ | National Museum | National Museum Phnom Penh"
"11025","Wat Botum Vatey","វត្តបុទុមវតី","pagoda","Phnom Penh","ភ្នំពេញ","Daun Penh","ដូនពេញ","Daun Penh","ដូនពេញ","11.5587","104.9313","curated_landmark","100","true","https://www.google.com/maps?q=11.5587,104.9313","វត្តបុទុម | Wat Botum | Wat Botum Vatey | Wat Botum Park"
"11026","Wat Langka","វត្តលង្កា","pagoda","Phnom Penh","ភ្នំពេញ","Boeng Keng Kang","បឹងកេងកង","Boeng Keng Kang","បឹងកេងកង","11.5552","104.9271","curated_landmark","100","true","https://www.google.com/maps?q=11.5552,104.9271","វត្តលង្កា | Wat Langka | Wat Langka Pagoda"
"11027","Kbal Thnal Flyover","ស្ពានអាកាសក្បាលថ្នល់","bridge","Phnom Penh","ភ្នំពេញ","Chamkar Mon","ចំការមន","Chamkar Mon","ចំការមន","11.5321","104.9348","curated_landmark","100","true","https://www.google.com/maps?q=11.5321,104.9348","ស្ពានអាកាសក្បាលថ្នល់ | Kbal Thnal Flyover | Kbal Thnal Overpass"
"11028","7 Makara Flyover - Dei Huy","ស្ពានអាកាស ៧ មករា (ដីហុយ)","bridge","Phnom Penh","ភ្នំពេញ","Sen Sok","សែនសុខ","Sen Sok","សែនសុខ","11.5645","104.8698","curated_landmark","100","true","https://www.google.com/maps?q=11.5645,104.8698","ស្ពានអាកាស ៧ មករា | ស្ពានអាកាសដីហុយ | 7 Makara Flyover | Dei Huy Flyover"
"11029","5 Pram Makara Flyover","ស្ពានអាកាស ៥ មករា","bridge","Phnom Penh","ភ្នំពេញ","Tuol Kouk","ទួលគោក","Phsar Depo 3","ផ្សារដេប៉ូទី៣","11.5698","104.8962","curated_landmark","100","true","https://www.google.com/maps?q=11.5698,104.8962","ស្ពានអាកាស ៥ មករា | 5 Pram Makara Flyover | Techno Flyover | ស្ពានអាកាសតិចណូ"
"11030","Chaom Chau Flyover","ស្ពានអាកាសចោមចៅ","bridge","Phnom Penh","ភ្នំពេញ","Pur SenChey","ពោធិ៍សែនជ័យ","Chom Chao 3","ចោមចៅទី៣","11.5288","104.8194","curated_landmark","100","true","https://www.google.com/maps?q=11.5288,104.8194","ស្ពានអាកាសចោមចៅ | Chaom Chau Flyover | Chom Chao Flyover | Chom Chao Roundabout"
"11031","Koh Norea Cable Bridge","ស្ពានកោះនរា","bridge","Phnom Penh","ភ្នំពេញ","Chbar Ampov","ច្បារអំពៅ","Niroth","និរោធ","11.5472","104.9458","curated_landmark","100","true","https://www.google.com/maps?q=11.5472,104.9458","ស្ពានកោះនរា | Koh Norea Bridge | Koh Norea Cable Stayed Bridge"
"11032","Borey Peng Huoth Boeung Snor","បុរីប៉េងហួត បឹងស្នោ","borey","Phnom Penh","ភ្នំពេញ","Chbar Ampov","ច្បារអំពៅ","Chbar Ampov","ច្បារអំពៅ","11.5367","104.9654","curated_landmark","95","true","https://www.google.com/maps?q=11.5367,104.9654","បុរីប៉េងហួត បឹងស្នោ | Peng Huoth Boeung Snor | Borey Peng Houth Grand Star Platinum"
"11033","Borey Piphup Thmey Chom Chao","បុរីពិភពថ្មី ចោមចៅ","borey","Phnom Penh","ភ្នំពេញ","Pur SenChey","ពោធិ៍សែនជ័យ","Pur SenChey","ពោធិ៍សែនជ័យ","11.5215","104.8152","curated_landmark","95","true","https://www.google.com/maps?q=11.5215,104.8152","បុរីពិភពថ្មី ចោមចៅ | New World Chom Chao | Borey Piphup Thmey Chom Chao 1"
"11034","Angkor Wat","ប្រាសាទអង្គរវត្ត","landmark","Siem Reap","សៀមរាប","Siem Reap Municipality","ក្រុងសៀមរាប","Siem Reab Sangkat","សង្កាត់សៀមរាប","13.4125","103.867","curated_landmark","100","true","https://www.google.com/maps?q=13.4125,103.8670","ប្រាសាទអង្គរវត្ត | Angkor Wat Temple | Angkor Wat Siem Reap"
"11035","Preah Vihear Temple","ប្រាសាទព្រះវិហារ","landmark","Preah Vihear","ព្រះវិហារ","Choam Khsant","ជាំក្សាន្ត","Choam Khsant","ជាំក្សាន្ត","14.3917","104.68","curated_landmark","100","true","https://www.google.com/maps?q=14.3917,104.6800","ប្រាសាទព្រះវិហារ | Preah Vihear Temple | Prasat Preah Vihear"
"11036","Kampot Durian Roundabout","រង្វង់មូលផ្លែទុเรียนកំពត","landmark","Kampot","កំពត","Kampot Municipality","ក្រុងកំពត","Traeuy Kaoh Sangkat","សង្កាត់ត្រើយកោះ","10.6104","104.1812","curated_landmark","100","true","https://www.google.com/maps?q=10.6104,104.1812","រង្វង់មូលទុเรียนកំពត | Kampot Durian Roundabout | Durian Statue Kampot"
"11037","Sihanoukville Golden Lions Roundabout","រង្វង់មូលតោពីរ ព្រះសីហនុ","landmark","Preah Sihanouk","ព្រះសីហនុ","Preah Sihanouk Municipality","ក្រុងព្រះសីហនុ","Preah Sihanouk Municipality","ក្រុងព្រះសីហនុ","10.6108","103.5242","curated_landmark","100","true","https://www.google.com/maps?q=10.6108,103.5242","រង្វង់មូលតោពីរ | Sihanoukville Golden Lions | Golden Lions Roundabout"
"11038","Battambang Ta Dambong Krahoum Statue","រូបសំណាកលោកតាដំបងគ្រញូង","landmark","Battambang","បាត់ដំបង","Battambang Municipality","ក្រុងបាត់ដំបង","Ou Char Sangkat","សង្កាត់អូរចារ","13.1009","103.2052","curated_landmark","100","true","https://www.google.com/maps?q=13.1009,103.2052","លោកតាដំបងគ្រញូង | Ta Dambong Krahoum Statue | Battambang Black Statue"
"11039","Preah Ket Mealea Hospital","មន្ទីរពេទ្យព្រះកេតុមាលា","hospital","Phnom Penh","ភ្នំពេញ","Daun Penh","ដូនពេញ","Wat Phnom","វត្តភ្នំ","11.5762","104.9275","curated_landmark","100","true","https://www.google.com/maps?q=11.5762,104.9275","មន្ទីរពេទ្យព្រះកេតុមាលា | ពេទ្យប៉ែកខាង | Preah Ket Mealea Hospital | Ket Mealea Hospital"
"11040","Ang Duong Hospital","មន្ទីរពេទ្យព្រះអង្គឌួង","hospital","Phnom Penh","ភ្នំពេញ","Daun Penh","ដូនពេញ","Wat Phnom","វត្តភ្នំ","11.5682","104.9238","curated_landmark","100","true","https://www.google.com/maps?q=11.5682,104.9238","មន្ទីរពេទ្យព្រះអង្គឌួង | Ang Duong Hospital | Angdoung Hospital"
"11041","Kantha Bopha Hospital Phnom Penh","មន្ទីរពេទ្យគន្ធបុប្ផា ភ្នំពេញ","hospital","Phnom Penh","ភ្នំពេញ","Daun Penh","ដូនពេញ","Daun Penh","ដូនពេញ","11.5741","104.9255","curated_landmark","100","true","https://www.google.com/maps?q=11.5741,104.9255","មន្ទីរពេទ្យគន្ធបុប្ផា | Kantha Bopha Hospital | Jayavarman VII Hospital"
"11042","Techo Takhmao International Airport","អាកាសយានដ្ឋានអន្តរជាតិតេជោ","airport","Kandal","កណ្តាល","Kandal Stueng","កណ្តាលស្ទឹង","Kandal Stueng","កណ្តាលស្ទឹង","11.365","104.912","curated_landmark","100","true","https://www.google.com/maps?q=11.3650,104.9120","អាកាសយានដ្ឋានអន្តរជាតិតេជោ | Techo Takhmao International Airport | New Phnom Penh Airport | Kandal Airport"
"11050","Virak Buntham Express Central (VET Orussey)","វីរៈ ប៊ុនថាំ អុចស្ព្រេស អូរឫស្សី","bus_station","Phnom Penh","ភ្នំពេញ","Prampir Meakkara","ប្រាំពីរមករា","Prampir Meakkara","ប្រាំពីរមករា","11.562","104.9148","curated_landmark","100","true","https://www.google.com/maps?q=11.5620,104.9148","VET Central | Virak Buntham Orussey | វីរៈប៊ុនថាំ អូរឫស្សី | Virak Buntham Express"
"11051","Capitol Bus Station Orussey","បេនឡាន កាពីតូល អូរឫស្សី","bus_station","Phnom Penh","ភ្នំពេញ","Prampir Meakkara","ប្រាំពីរមករា","Prampir Meakkara","ប្រាំពីរមករា","11.5608","104.9155","curated_landmark","100","true","https://www.google.com/maps?q=11.5608,104.9155","Capitol Bus | Capitol Express | បេនឡានកាពីតូល | Capitol Tour"
"11052","Larryta Express Phnom Penh","ឡារីតា អិចស្ព្រេស ភ្នំពេញ","bus_station","Phnom Penh","ភ្នំពេញ","Daun Penh","ដូនពេញ","Daun Penh","ដូនពេញ","11.5718","104.9205","curated_landmark","100","true","https://www.google.com/maps?q=11.5718,104.9205","Larryta Express | Larryta Bus | ឡារីតា | Larryta Night Bus"
"11053","Phnom Penh Sorya Transport Terminal","បេនឡាន សូរិយា ផ្សារធំថ្មី","bus_station","Phnom Penh","ភ្នំពេញ","Daun Penh","ដូនពេញ","Daun Penh","ដូនពេញ","11.5688","104.9202","curated_landmark","100","true","https://www.google.com/maps?q=11.5688,104.9202","Sorya Bus Station | Sorya Express | បេនឡានសូរិយា | Sorya Transport"
"11054","Borey Peng Huoth Star Premier (598)","បុរីប៉េងហួត ផ្លូវ៥៩៨","borey","Phnom Penh","ភ្នំពេញ","Sen Sok","សែនសុខ","Sen Sok","សែនសុខ","11.605","104.881","curated_landmark","95","true","https://www.google.com/maps?q=11.6050,104.8810","Borey Peng Huoth 598 | Peng Huoth Star Premier | បុរីប៉េងហួត ៥៩៨"
"11055","Borey Chip Mong Land 598","បុរីជីបម៉ុង ផ្លូវ៥៩៨","borey","Phnom Penh","ភ្នំពេញ","Sen Sok","សែនសុខ","Sen Sok","សែនសុខ","11.608","104.8835","curated_landmark","95","true","https://www.google.com/maps?q=11.6080,104.8835","Chip Mong Land 598 | Borey Chip Mong 598 | បុរីជីបម៉ុង ៥៩៨"
"11056","Borey Chip Mong Land 6A","បុរីជីបម៉ុង ផ្លូវ៦អា ជ្រោយចង្វារ","borey","Phnom Penh","ភ្នំពេញ","Chroy Changvar","ជ្រោយចង្វារ","Chroy Changvar","ជ្រោយចង្វារ","11.621","104.935","curated_landmark","95","true","https://www.google.com/maps?q=11.6210,104.9350","Chip Mong 6A | Borey Chip Mong Chroy Changvar | បុរីជីបម៉ុង ៦អា"
"11057","Borey Piphup Thmey Veng Sreng","បុរីពិភពថ្មី វេងស្រេង","borey","Phnom Penh","ភ្នំពេញ","Pur SenChey","ពោធិ៍សែនជ័យ","Pur SenChey","ពោធិ៍សែនជ័យ","11.5305","104.851","curated_landmark","95","true","https://www.google.com/maps?q=11.5305,104.8510","Borey New World Veng Sreng | Borey Piphup Thmey Veng Sreng 1 | បុរីពិភពថ្មីវេងស្រេង"
"11058","Borey Piphup Thmey Kamboul","បុរីពិភពថ្មី កំបូល","borey","Phnom Penh","ភ្នំពេញ","Kamboul","កំបូល","Kamboul","កំបូល","11.518","104.765","curated_landmark","95","true","https://www.google.com/maps?q=11.5180,104.7650","Borey New World Kamboul | Borey Piphup Thmey Kamboul 1 | បុរីពិភពថ្មីកំបូល"
"11059","Borey Piphup Thmey Kour Srov","បុរីពិភពថ្មី គួរស្រូវ","borey","Phnom Penh","ភ្នំពេញ","Dangkao","ដង្កោ","Dangkao","ដង្កោ","11.455","104.882","curated_landmark","95","true","https://www.google.com/maps?q=11.4550,104.8820","Borey New World Kour Srov | Borey Piphup Thmey Kour Srov 2 | បុរីពិភពថ្មីគួរស្រូវ"
"11060","Borey Orkide Villa Botanic City","បុរីអរគីដេ វីឡា បូតានិកស៊ីធី","borey","Phnom Penh","ភ្នំពេញ","Chroy Changvar","ជ្រោយចង្វារ","Chroy Changvar","ជ្រោយចង្វារ","11.645","104.938","curated_landmark","95","true","https://www.google.com/maps?q=11.6450,104.9380","Orkide Botanic City | Borey Orkide 6A | បុរីអរគីដេ៦អា | Orkide Villa 6A"
"11061","Borey Orkide Villa Pochentong","បុរីអរគីដេ វីឡា ពោធិ៍ចិនតុង","borey","Phnom Penh","ភ្នំពេញ","Pur SenChey","ពោធិ៍សែនជ័យ","Pur SenChey","ពោធិ៍សែនជ័យ","11.551","104.862","curated_landmark","95","true","https://www.google.com/maps?q=11.5510,104.8620","Orkide Pochentong | Borey Orkide 2004 | បុរីអរគីដេ២០០៤ | Orkide Street 2004"
"11062","Institute of Foreign Languages (IFL)","វិទ្យាស្ថានភាសាបរទេស","university","Phnom Penh","ភ្នំពេញ","Tuol Kouk","ទួលគោក","Tuol Kouk","ទួលគោក","11.5695","104.8942","curated_landmark","100","true","https://www.google.com/maps?q=11.5695,104.8942","IFL | RUPP IFL | វិទ្យាស្ថានភាសាបរទេស | IFL Campus"
"11063","Royal University of Law and Economics (RULE)","សាកលវិទ្យាល័យភូមិន្ទនីតិសាស្ត្រ និងវិទ្យាសាស្ត្រសេដ្ឋកិច្ច","university","Phnom Penh","ភ្នំពេញ","Chamkar Mon","ចំការមន","Chamkar Mon","ចំការមន","11.5362","104.922","curated_landmark","100","true","https://www.google.com/maps?q=11.5362,104.9220","RULE | សាលាច្បាប់ | Law University | RULE Campus"
"11064","National University of Management (NUM)","សាកលវិទ្យាល័យជាតិគ្រប់គ្រង","university","Phnom Penh","ភ្នំពេញ","Daun Penh","ដូនពេញ","Daun Penh","ដូនពេញ","11.5725","104.9198","curated_landmark","100","true","https://www.google.com/maps?q=11.5725,104.9198","NUM | NUM University | សាកលវិទ្យាល័យជាតិគ្រប់គ្រង"
"11065","Royal University of Agriculture (RUA - Chamkar Daung)","សាកលវិទ្យាល័យភូមិន្ទកសិកម្ម ចំការដូង","university","Phnom Penh","ភ្នំពេញ","Dangkao","ដង្កោ","Dangkao","ដង្កោ","11.512","104.8975","curated_landmark","100","true","https://www.google.com/maps?q=11.5120,104.8975","RUA | Chamkar Daung University | សាកលវិទ្យាល័យចំការដូង | RUA Campus"
"11066","Norton University Chroy Changvar","សាកលវិទ្យាល័យ ន័រតុន ជ្រោយចង្វារ","university","Phnom Penh","ភ្នំពេញ","Chroy Changvar","ជ្រោយចង្វារ","Chroy Changvar","ជ្រោយចង្វារ","11.5895","104.934","curated_landmark","100","true","https://www.google.com/maps?q=11.5895,104.9340","Norton University | Norton Campus | សាកលវិទ្យាល័យ ន័រតុន"
"11067","Paññāsāstra University of Cambodia (PUC)","សាកលវិទ្យាល័យ បញ្ញាសាស្ត្រ កម្ពុជា","university","Phnom Penh","ភ្នំពេញ","Chamkar Mon","ចំការមន","Chamkar Mon","ចំការមន","11.534","104.9195","curated_landmark","100","true","https://www.google.com/maps?q=11.5340,104.9195","PUC | Pannasastra University | PUC Toul Tom Poung | សាកលវិទ្យាល័យបញ្ញាសាស្ត្រ"
"11068","Preah Kossamak Hospital (168 Hospital)","មន្ទីរពេទ្យព្រះកុសុមៈ (ពេទ្យលោកសង្ឃ)","hospital","Phnom Penh","ភ្នំពេញ","Tuol Kouk","ទួលគោក","Tuol Kouk","ទួលគោក","11.567","104.8965","curated_landmark","100","true","https://www.google.com/maps?q=11.5670,104.8965","ពេទ្យលោកសង្ឃ | មន្ទីរពេទ្យព្រះកុសុមៈ | Preah Kossamak Hospital | 168 Hospital | Lok Sang Hospital"
"11069","Cho Ray Phnom Penh Hospital","មន្ទីរពេទ្យជោរៃភ្នំពេញ","hospital","Phnom Penh","ភ្នំពេញ","Mean Chey","មានជ័យ","Mean Chey","មានជ័យ","11.5285","104.9425","curated_landmark","100","true","https://www.google.com/maps?q=11.5285,104.9425","មន្ទីរពេទ្យជោរៃ | Cho Ray Hospital | Cho Ray Phnom Penh"
"11070","Sunrise Japan Hospital Phnom Penh","មន្ទីរពេទ្យជប៉ុន សាន់រ៉ាយស៍","hospital","Phnom Penh","ភ្នំពេញ","Chroy Changvar","ជ្រោយចង្វារ","Chroy Changvar","ជ្រោយចង្វារ","11.591","104.9325","curated_landmark","100","true","https://www.google.com/maps?q=11.5910,104.9325","មន្ទីរពេទ្យជប៉ុន | Sunrise Japan Hospital | Sunrise Hospital Chroy Changvar"
"11071","Pasteur Institute of Cambodia","វិទ្យាស្ថានប៉ាស្ទ័រកម្ពុជា","hospital","Phnom Penh","ភ្នំពេញ","Daun Penh","ដូនពេញ","Daun Penh","ដូនពេញ","11.577","104.9168","curated_landmark","100","true","https://www.google.com/maps?q=11.5770,104.9168","វិទ្យាស្ថានប៉ាស្ទ័រ | Institut Pasteur du Cambodge | Pasteur Institute"
"11072","Ministry of Interior (Norodom Blvd)","ក្រសួងមហាផ្ទៃ","government","Phnom Penh","ភ្នំពេញ","Chamkar Mon","ចំការមន","Chamkar Mon","ចំការមន","11.545","104.9285","curated_landmark","100","true","https://www.google.com/maps?q=11.5450,104.9285","ក្រសួងមហាផ្ទៃ | Ministry of Interior | MOI Cambodia"
"11073","Passport Office Aeon Mall Sen Sok","ការិយាល័យធ្វើលិខិតឆ្លងដែន អ៉ីអន២","government","Phnom Penh","ភ្នំពេញ","Sen Sok","សែនសុខ","Sen Sok","សែនសុខ","11.595","104.8875","curated_landmark","100","true","https://www.google.com/maps?q=11.5950,104.8875","Passport Office Aeon 2 | ធ្វើប៉ាសស្ព័រ អ៉ីអន២ | Aeon 2 Passport Center"
"11074","Morodok Techo National Stadium","ពហុកីឡដ្ឋានជាតិមរតកតេជោ","stadium","Phnom Penh","ភ្នំពេញ","Chroy Changvar","ជ្រោយចង្វារ","Bak Kheng","បាក់ខែង","11.6785","104.882","curated_landmark","100","true","https://www.google.com/maps?q=11.6785,104.8820","ពហុកីឡដ្ឋានជាតិមរតកតេជោ | Morodok Techo Stadium | Techo National Stadium"
"11075","Koh Pich Convention and Exhibition Center","មជ្ឈមណ្ឌលពិព័រណ៍កោះពេជ្រ","exhibition","Phnom Penh","ភ្នំពេញ","Chamkar Mon","ចំការមន","Chamkar Mon","ចំការមន","11.5535","104.939","curated_landmark","100","true","https://www.google.com/maps?q=11.5535,104.9390","មជ្ឈមណ្ឌលកោះពេជ្រ | Koh Pich Exhibition Center | Diamond Island Exhibition Center"
"11076","Siem Reap Pub Street","ផ្លូវ ផាប់ ស្ទ្រីត សៀមរាប","landmark","Siem Reap","សៀមរាប","Siem Reap Municipality","ក្រុងសៀមរាប","Siem Reab Sangkat","សង្កាត់សៀមរាប","13.3548","103.8545","curated_landmark","100","true","https://www.google.com/maps?q=13.3548,103.8545","Pub Street | Pub Street Siem Reap | ផាប់ស្ទ្រីត"
"11077","Battambang Phsar Nat","ផ្សារណាត់ បាត់ដំបង","market","Battambang","បាត់ដំបង","Battambang Municipality","ក្រុងបាត់ដំបង","Ou Char Sangkat","សង្កាត់អូរចារ","13.1025","103.199","curated_landmark","100","true","https://www.google.com/maps?q=13.1025,103.1990","Phsar Nat Battambang | Psar Nat | ផ្សារណាត់"
"11078","Sihanoukville Phsar Leu","ផ្សារលើ ព្រះសីហនុ","market","Preah Sihanouk","ព្រះសីហនុ","Preah Sihanouk Municipality","ក្រុងព្រះសីហនុ","Preah Sihanouk Municipality","ក្រុងព្រះសីហនុ","10.628","103.531","curated_landmark","100","true","https://www.google.com/maps?q=10.6280,103.5310","Phsar Leu Sihanoukville | Psar Leu Kampong Som | ផ្សារលើព្រះសីហនុ"
"11079","Poipet International Border Checkpoint","ច្រកទ្វារអន្តរជាតិប៉ោយប៉ែត","border","Banteay Meanchey","បន្ទាយមានជ័យ","Poipet Municipality","ក្រុងប៉ោយប៉ែត","Phsar Kandal Sangkat","សង្កាត់ផ្សារកណ្តាល","13.661","102.553","curated_landmark","100","true","https://www.google.com/maps?q=13.6610,102.5530","ច្រកប៉ោយប៉ែត | Poipet Border | Poipet Border Checkpoint"
"11080","Bavet International Border Checkpoint","ច្រកទ្វារអន្តរជាតិបាវិត","border","Svay Rieng","ស្វាយរៀង","Bavet Municipality","ក្រុងបាវិត","Prey Angkunh Sangkat","សង្កាត់ព្រៃអង្គុញ","11.0815","106.171","curated_landmark","100","true","https://www.google.com/maps?q=11.0815,106.1710","ច្រកបាវិត | Bavet Border | Bavet Border Checkpoint"
"11101","Vattanac Capital Tower","អគារវឌ្ឍនៈ ខាភីថល","commercial_building","Phnom Penh","ភ្នំពេញ","Daun Penh","ដូនពេញ","Daun Penh","ដូនពេញ","11.5712","104.9195","curated_landmark","100","true","https://www.google.com/maps?q=11.5712,104.9195","Vattanac Tower | Vattanac Capital | អគារវឌ្ឍនៈ"
"11102","Canadia Tower","អគារកាណាឌីយ៉ា","commercial_building","Phnom Penh","ភ្នំពេញ","Daun Penh","ដូនពេញ","Daun Penh","ដូនពេញ","11.5718","104.919","curated_landmark","100","true","https://www.google.com/maps?q=11.5718,104.9190","Canadia Tower Phnom Penh | Canadia Bank Head Office | អគារកាណាឌីយ៉ា"
"11103","TK Avenue Tuol Kouk","ផ្សារទំនើប ធីខេ អេវេនញូ ទួលគោក","mall","Phnom Penh","ភ្នំពេញ","Tuol Kouk","ទួលគោក","Tuol Kouk","ទួលគោក","11.5768","104.898","curated_landmark","100","true","https://www.google.com/maps?q=11.5768,104.8980","TK Avenue | TK Avenue Mall | ផ្សារធីខេ"
"11104","Chip Mong Noro Mall","ផ្សារទំនើប ជីប ម៉ុង នរោ ម៉ល","mall","Phnom Penh","ភ្នំពេញ","Chamkar Mon","ចំការមន","Chamkar Mon","ចំការមន","11.5495","104.927","curated_landmark","100","true","https://www.google.com/maps?q=11.5495,104.9270","Chip Mong Noro Mall | Chip Mong Norodom | ជីបម៉ុងនរោ"
"11105","Chip Mong Sen Sok Mall","ផ្សារទំនើប ជីប ម៉ុង សែនសុខ","mall","Phnom Penh","ភ្នំពេញ","Sen Sok","សែនសុខ","Sen Sok","សែនសុខ","11.593","104.883","curated_landmark","100","true","https://www.google.com/maps?q=11.5930,104.8830","Chip Mong Sen Sok | Chip Mong Mall Sen Sok | ជីបម៉ុងសែនសុខ"
"11106","Midtown Mall Street 2004","ផ្សារទំនើប មីដថោន ផ្លូវ២០០៤","mall","Phnom Penh","ភ្នំពេញ","Pur SenChey","ពោធិ៍សែនជ័យ","Pur SenChey","ពោធិ៍សែនជ័យ","11.5515","104.8685","curated_landmark","100","true","https://www.google.com/maps?q=11.5515,104.8685","Midtown Mall | Midtown Mall 2004 | ផ្សារមីដថោន"
"11107","Cambodia Post Head Office (Wat Phnom)","ប្រៃសណីយ៍កម្ពុជា វត្តភ្នំ","post_office","Phnom Penh","ភ្នំពេញ","Daun Penh","ដូនពេញ","Daun Penh","ដូនពេញ","11.5738","104.9242","curated_landmark","100","true","https://www.google.com/maps?q=11.5738,104.9242","Cambodia Post | Post Office Wat Phnom | ប្រៃសណីយ៍កម្ពុជា | Central Post Office"
"11108","J&T Express Cambodia Main Hub","ជេ និង ធី អិចស្ព្រេស ភ្នំពេញ","courier","Phnom Penh","ភ្នំពេញ","Sen Sok","សែនសុខ","Sen Sok","សែនសុខ","11.575","104.872","curated_landmark","100","true","https://www.google.com/maps?q=11.5750,104.8720","J&T Express | J&T Hub Phnom Penh | J&T Cambodia | ជេនិងធី"
"11109","Kerry Express Cambodia Head Office","ខេរី អិចស្ព្រេស ផ្លូវ២៧១","courier","Phnom Penh","ភ្នំពេញ","Mean Chey","មានជ័យ","Mean Chey","មានជ័យ","11.541","104.908","curated_landmark","100","true","https://www.google.com/maps?q=11.5410,104.9080","Kerry Express | Kerry Express Cambodia | ខេរីអិចស្ព្រេស"
"11110","Preah Sisowath High School","វិទ្យាល័យ ព្រះស៊ីសុវត្ថិ","school","Phnom Penh","ភ្នំពេញ","Daun Penh","ដូនពេញ","Daun Penh","ដូនពេញ","11.5665","104.9248","curated_landmark","100","true","https://www.google.com/maps?q=11.5665,104.9248","សាលាស៊ីសុវត្ថិ | Sisowath High School | Preah Sisowath High School"
"11111","Bak Touk High School","វិទ្យាល័យ បាក់ទូក","school","Phnom Penh","ភ្នំពេញ","Prampir Meakkara","ប្រាំពីរមករា","Prampir Meakkara","ប្រាំពីរមករា","11.566","104.916","curated_landmark","100","true","https://www.google.com/maps?q=11.5660,104.9160","សាលាបាក់ទូក | Bak Touk High School | Bak Touk School"
"11112","Beltei International University (Steung Meanchey)","សាកលវិទ្យាល័យ ប៊ែលធី អន្តរជាតិ ស្ទឹងមានជ័យ","university","Phnom Penh","ភ្នំពេញ","Mean Chey","មានជ័យ","Mean Chey","មានជ័យ","11.5365","104.889","curated_landmark","100","true","https://www.google.com/maps?q=11.5365,104.8890","Beltei University | Beltei Steung Meanchey | សាកលវិទ្យាល័យប៊ែលធី"
"11113","Asia Euro University (AEU)","សាកលវិទ្យាល័យ អាស៊ី អឺរ៉ុប","university","Phnom Penh","ភ្នំពេញ","Sen Sok","សែនសុខ","Sen Sok","សែនសុខ","11.572","104.8815","curated_landmark","100","true","https://www.google.com/maps?q=11.5720,104.8815","AEU | Asia Euro University | សាកលវិទ្យាល័យអាស៊ីអឺរ៉ុប"
"11114","Vanda Institute Phnom Penh","វិទ្យាស្ថាន វ៉ាន់ដា ភ្នំពេញ","university","Phnom Penh","ភ្នំពេញ","Chamkar Mon","ចំការមន","Chamkar Mon","ចំការមន","11.542","104.917","curated_landmark","100","true","https://www.google.com/maps?q=11.5420,104.9170","Vanda Institute | Vanda Accounting | វិទ្យាស្ថានវ៉ាន់ដា"
"11115","Tuol Sleng Genocide Museum (S-21)","សារមន្ទីរឧក្រិដ្ឋកម្មប្រល័យពូជសាសន៍ទួលស្លែង","museum","Phnom Penh","ភ្នំពេញ","Boeng Keng Kang","បឹងកេងកង","Boeng Keng Kang","បឹងកេងកង","11.549","104.9175","curated_landmark","100","true","https://www.google.com/maps?q=11.5490,104.9175","Tuol Sleng Museum | S21 Museum | សារមន្ទីរទួលស្លែង | Tuol Sleng"
"11116","Phsar Takhmao Kandal","ផ្សារតាខ្មៅ កណ្តាល","market","Kandal","កណ្តាល","Takhmao Municipality","ក្រុងតាខ្មៅ","Ta Khmao Sangkat","សង្កាត់តាខ្មៅ","11.482","104.9485","curated_landmark","100","true","https://www.google.com/maps?q=11.4820,104.9485","Takhmao Market | Phsar Takhmao | ផ្សារតាខ្មៅ"
"11117","Phsar Kampong Chhnang","ផ្សារលើ កំពង់ឆ្នាំង","market","Kampong Chhnang","កំពង់ឆ្នាំង","Kampong Chhnang Municipality","ក្រុងកំពង់ឆ្នាំង","Kampong Chhnang Sangkat","សង្កាត់កំពង់ឆ្នាំង","12.251","104.668","curated_landmark","100","true","https://www.google.com/maps?q=12.2510,104.6680","Kampong Chhnang Market | Phsar Chhnang | ផ្សារកំពង់ឆ្នាំង"
"11118","Phsar Kampong Speu","ផ្សារកំពង់ស្ពឺ","market","Kampong Speu","កំពង់ស្ពឺ","Chbar Mon Municipality","ក្រុងច្បារមន","Chbar Mon Sangkat","សង្កាត់ច្បារមន","11.454","104.521","curated_landmark","100","true","https://www.google.com/maps?q=11.4540,104.5210","Kampong Speu Market | Phsar Chbar Mon | ផ្សារកំពង់ស្ពឺ"
"11119","Phsar Kampong Thom","ផ្សារកំពង់ធំ","market","Kampong Thom","កំពង់ធំ","Stung Saen Municipality","ក្រុងស្ទឹងសែន","Achar Leak Sangkat","សង្កាត់អាចារ្យលាក់","12.711","104.888","curated_landmark","100","true","https://www.google.com/maps?q=12.7110,104.8880","Kampong Thom Market | Phsar Stung Saen | ផ្សារកំពង់ធំ"
"11120","Phsar Kampot Crab Market (Kep)","ផ្សារក្តាម កែប","market","Kep","កែប","Kep Municipality","ក្រុងកែប","Kep Municipality","ក្រុងកែប","10.4825","104.298","curated_landmark","100","true","https://www.google.com/maps?q=10.4825,104.2980","Kep Crab Market | Phsar Kdam Kep | ផ្សារក្តាមកែប | Crab Market"
"11201","ABA Bank Head Office (Preah Sihanouk Blvd)","ធនាគារ អេ ប៊ី អេ អាគារកណ្តាល","bank","Phnom Penh","ភ្នំពេញ","Boeng Keng Kang","បឹងកេងកង","Boeng Keng Kang","បឹងកេងកង","11.5545","104.925","curated_landmark","100","true","https://www.google.com/maps?q=11.5545,104.9250","ABA Head Office | ABA Bank Sihanouk Blvd | ABA Central | ធនាគារ ABA"
"11202","Wing Bank Tower (Monivong Blvd)","អគារ វីង ប៊ែង តាវ៉ឺ","bank","Phnom Penh","ភ្នំពេញ","Boeng Keng Kang","បឹងកេងកង","Boeng Keng Kang","បឹងកេងកង","11.547","104.9228","curated_landmark","100","true","https://www.google.com/maps?q=11.5470,104.9228","Wing Bank Head Office | Wing Tower | Wing Bank Monivong | អគារធនាគារវីង"
"11203","ACLEDA Bank Head Office (St. 271 / St. 598)","ធនាគារ អេស៊ីលីដា អាគារកណ្តាល","bank","Phnom Penh","ភ្នំពេញ","Sen Sok","សែនសុខ","Sen Sok","សែនសុខ","11.5835","104.8865","curated_landmark","100","true","https://www.google.com/maps?q=11.5835,104.8865","ACLEDA Head Office | ACLEDA Bank HQ | ធនាគារអេស៊ីលីដា"
"11204","Sathapana Tower (Norodom Blvd)","អគារ ស្ថាបនា តាវ៉ឺ","bank","Phnom Penh","ភ្នំពេញ","Daun Penh","ដូនពេញ","Daun Penh","ដូនពេញ","11.564","104.9268","curated_landmark","100","true","https://www.google.com/maps?q=11.5640,104.9268","Sathapana Bank HQ | Sathapana Tower | អគារស្ថាបនា"
"11205","Borey Peng Huoth Euro Park (Boeung Snor)","បុរីប៉េងហួត យូរ៉ូផាក បឹងស្នោ","borey","Phnom Penh","ភ្នំពេញ","Chbar Ampov","ច្បារអំពៅ","Chbar Ampov","ច្បារអំពៅ","11.5385","104.968","curated_landmark","95","true","https://www.google.com/maps?q=11.5385,104.9680","Euro Park Peng Huoth | Euro Park Phnom Penh | យូរ៉ូផាក ប៉េងហួត"
"11206","Borey Peng Huoth Grand Phnom Penh (598)","បុរីប៉េងហួត ក្រង់ភ្នំពេញ ផ្លូវ៥៩៨","borey","Phnom Penh","ភ្នំពេញ","Sen Sok","សែនសុខ","Sen Sok","សែនសុខ","11.615","104.872","curated_landmark","95","true","https://www.google.com/maps?q=11.6150,104.8720","Grand Phnom Penh City | Grand Phnom Penh 598 | ក្រង់ភ្នំពេញ"
"11207","Borey Chip Mong Land 1928 (Sen Sok)","បុរីជីបម៉ុង ១៩២៨ សែនសុខ","borey","Phnom Penh","ភ្នំពេញ","Sen Sok","សែនសុខ","Sen Sok","សែនសុខ","11.598","104.876","curated_landmark","95","true","https://www.google.com/maps?q=11.5980,104.8760","Chip Mong 1928 | Chip Mong Land 1928 | បុរីជីបម៉ុង១៩២៨"
"11208","Wat Sampov Meas","វត្តសំពៅមាស","pagoda","Phnom Penh","ភ្នំពេញ","Prampir Meakkara","ប្រាំពីរមករា","Prampir Meakkara","ប្រាំពីរមករា","11.558","104.9125","curated_landmark","100","true","https://www.google.com/maps?q=11.5580,104.9125","វត្តសំពៅមាស | Wat Sampov Meas | Sampov Meas Pagoda"
"11209","Wat Koh","វត្តកោះ","pagoda","Phnom Penh","ភ្នំពេញ","Daun Penh","ដូនពេញ","Daun Penh","ដូនពេញ","11.5662","104.9215","curated_landmark","100","true","https://www.google.com/maps?q=11.5662,104.9215","វត្តកោះ | Wat Koh | Wat Koh Pagoda"
"11210","Wat Moha Montrei","វត្តមហាមន្ត្រី","pagoda","Phnom Penh","ភ្នំពេញ","Prampir Meakkara","ប្រាំពីរមករា","Prampir Meakkara","ប្រាំពីរមករា","11.5548","104.914","curated_landmark","100","true","https://www.google.com/maps?q=11.5548,104.9140","វត្តមហាមន្ត្រី | Wat Moha Montrei | Moha Montrei Pagoda"
"11211","Wat Tuol Tom Poung","វត្តទួលទំពូង","pagoda","Phnom Penh","ភ្នំពេញ","Chamkar Mon","ចំការមន","Chamkar Mon","ចំការមន","11.5332","104.9145","curated_landmark","100","true","https://www.google.com/maps?q=11.5332,104.9145","វត្តទួលទំពូង | Wat Tuol Tom Poung | Toul Tom Poung Pagoda"
"11212","Santhormok High School","វិទ្យាល័យ សន្ធរម៉ុក","school","Phnom Penh","ភ្នំពេញ","Tuol Kouk","ទួលគោក","Tuol Kouk","ទួលគោក","11.5678","104.8985","curated_landmark","100","true","https://www.google.com/maps?q=11.5678,104.8985","សាលាសន្ធរម៉ុក | Santhormok High School | Santhormok School"
"11213","CamTech University (Chroy Changvar)","សាកលវិទ្យាល័យ ខេមថិច ជ្រោយចង្វារ","university","Phnom Penh","ភ្នំពេញ","Chroy Changvar","ជ្រោយចង្វារ","Chroy Changvar","ជ្រោយចង្វារ","11.642","104.935","curated_landmark","100","true","https://www.google.com/maps?q=11.6420,104.9350","CamTech University | CamTech | សាកលវិទ្យាល័យខេមថិច"
"11214","CADT - Cambodia Academy of Digital Technology","បណ្ឌិត្យសភាបច្ចេកវិទ្យាឌីជីថលកម្ពុជា","university","Phnom Penh","ភ្នំពេញ","Prek Pnov","ព្រែកព្នៅ","Prek Pnov","ព្រែកព្នៅ","11.658","104.895","curated_landmark","100","true","https://www.google.com/maps?q=11.6580,104.8950","CADT | NIPTICT | បណ្ឌិត្យសភាឌីជីថលកម្ពុជា"
"11215","PTT Station Chroy Changvar (NR6A)","ស្ថានីយប្រេងឥន្ធនៈ ភីធីធី ជ្រោយចង្វារ","gas_station","Phnom Penh","ភ្នំពេញ","Chroy Changvar","ជ្រោយចង្វារ","Chroy Changvar","ជ្រោយចង្វារ","11.6025","104.9288","curated_landmark","90","true","https://www.google.com/maps?q=11.6025,104.9288","PTT 6A | PTT Chroy Changvar | ស្ថានីយប្រេង PTT ៦អា"
"11216","TotalEnergies Monivong (Bokor Roundabout)","ស្ថានីយប្រេងឥន្ធនៈ ផ្កាយសរ មុនីវង្ស","gas_station","Phnom Penh","ភ្នំពេញ","Boeng Keng Kang","បឹងកេងកង","Boeng Keng Kang","បឹងកេងកង","11.5435","104.922","curated_landmark","90","true","https://www.google.com/maps?q=11.5435,104.9220","Total Monivong | Total Bokor | ស្ថានីយប្រេង Total មុនីវង្ស"
"11301","Borey Phnom Penh Park (National Road 6A)","បុរីភ្នំពេញផាក ផ្លូវ៦អា","borey","Phnom Penh","ភ្នំពេញ","Chroy Changvar","ជ្រោយចង្វារ","Chroy Changvar","ជ្រោយចង្វារ","11.625","104.936","curated_landmark","100","true","https://www.google.com/maps?q=11.6250,104.9360","បុរីភ្នំពេញផាក | Borey Phnom Penh Park | ភ្នំពេញផាក | ច្រកចូលចំប៉ា"
"11302","Military Barracks Kamboul (បន្ទាយទាហាន កំបូល)","បន្ទាយទាហាន កំបូល","landmark","Phnom Penh","ភ្នំពេញ","Kamboul","កំបូល","Kamboul","កំបូល","11.516","104.762","curated_landmark","100","true","https://www.google.com/maps?q=11.5160,104.7620","បន្ទាយទាហាន កំបូល | បន្ទាយទាហាយ | បន្ទាយទាហាយ កំបូល | Military Base Kamboul"
"11303","Wat Prek Thleung (វត្តព្រែកថ្លឹង)","វត្តព្រែកថ្លឹង ព្រែកកំពិស","pagoda","Phnom Penh","ភ្នំពេញ","Dangkao","ដង្កោ","Prek Kompis","ព្រែកកំពិស","11.4646","104.9142","curated_landmark","100","true","https://www.google.com/maps?q=11.4646,104.9142","វត្តព្រែកថ្លឹង | Wat Prek Thleung | វត្តព្រែកថ្លឹង សង្កាត់ព្រែកកំពិស | Prek Thleung Pagoda"
"11304","Prek Hou Commune (ព្រែកហូរ)","សង្កាត់ព្រែកហូរ ក្រុងតាខ្មៅ","commune","Kandal","កណ្តាល","Takhmao Municipality","ក្រុងតាខ្មៅ","Prek Hou","ព្រែកហូរ","11.458","104.942","curated_landmark","100","true","https://www.google.com/maps?q=11.4580,104.9420","ព្រែកហូរ | Prek Hou | Sangkat Prek Hou | សង្កាត់ព្រែកហូរ"
"11305","Phnom Penh Thmey (ភ្នំពេញថ្មី)","សង្កាត់ភ្នំពេញថ្មី សែនសុខ","commune","Phnom Penh","ភ្នំពេញ","Sen Sok","សែនសុខ","Phnom Penh Thmey","ភ្នំពេញថ្មី","11.588","104.882","curated_landmark","100","true","https://www.google.com/maps?q=11.5880,104.8820","ភ្នំពេញថ្មី | Phnom Penh Thmey | Phnom Penh Thmei | Sangkat Phnom Penh Thmey"
"11306","Phsar Prey Tea (ផ្សារព្រៃទា)","ផ្សារព្រៃទា ពោធិ៍សែនជ័យ","market","Phnom Penh","ភ្នំពេញ","Pur SenChey","ពោធិ៍សែនជ័យ","Kakab 2","កាកាបទី២","11.549","104.842","curated_landmark","100","true","https://www.google.com/maps?q=11.5490,104.8420","ផ្សារព្រៃទា | Phsar Prey Tea | Phsar Prey Teah | ផ្សារព្រៃទា ពោចិនតុង"
"11307","Maha Upasika Dy Pok Boulevard (មហាវិថី មហាឧបាសិកា ឌីប៉ុក)","មហាវិថី មហាឧបាសិកា ឌីប៉ុក សង្កាត់ឃ្មួញ","road","Phnom Penh","ភ្នំពេញ","Sen Sok","សែនសុខ","Khmuonh","ឃ្មួញ","11.612","104.871","curated_landmark","100","true","https://www.google.com/maps?q=11.6120,104.8710","មហាវិថី មហាឧបាសិកា ឌីប៉ុក | Dy Pok Blvd | មហាឧបាសិកា ឌីប៉ុក | ផ្លូវឌីប៉ុក ឃ្មួញ"
"11308","Boeng Keng Kang District (បឹងកេងកង)","ខណ្ឌបឹងកេងកង ភ្នំពេញ","district","Phnom Penh","ភ្នំពេញ","Boeng Keng Kang","បឹងកេងកង","Boeng Keng Kang 1","បឹងកេងកងទី១","11.552","104.924","curated_landmark","100","true","https://www.google.com/maps?q=11.5520,104.9240","បឹងកេងកង | Boeng Keng Kang | BKK | BKK District"
"11309","Bali Resort Trapeang Lvea (បាលីរីសត ភូមិត្រពាំងល្វា)","បាលីរីសត ភូមិត្រពាំងល្វា សង្កាត់កាកាប","landmark","Phnom Penh","ភ្នំពេញ","Pur SenChey","ពោធិ៍សែនជ័យ","Kakab 1","កាកាបទី១","11.5525","104.8475","curated_landmark","100","true","https://www.google.com/maps?q=11.5525,104.8475","បាលីរីសត | Bali Resort | ភូមិត្រពាំងល្វា | ត្រពាំងល្វា"