"id","market","market_kh","province","province_kh","district","district_kh","latitude","longitude","aliases","search_keywords"
"9001","Central Market","ផ្សារធំថ្មី","Phnom Penh","ភ្នំពេញ","Daun Penh","ដូនពេញ","11.5695","104.9211","Phsar Thmei | Psar Thmey | Central Wet Market | Phsar Thom Thmey","phsar thmey | phsar thmei | psar thmey | pshar thmei | psa thmey | psah thmey | central market | wet market | night market | phnom penh | daun penh | ផ្សារធំថ្មី"
"9002","Russian Market","ផ្សារទួលទំពូង","Phnom Penh","ភ្នំពេញ","Chamkar Mon","ចំការមន","11.5312","104.9152","Tuol Tom Poung Market | Psar Toul Tom Poung | Russian Market","russian market | tuol tom poung | toul tom poung | psar toul tom poung | phsar tuol tom poung | pshar | psa | psah | wet market | phnom penh | chamkar mon | ផ្សារទួលទំពូង"
"9003","Orussey Market","ផ្សារអូរឫស្សី","Phnom Penh","ភ្នំពេញ","Prampir Meakkara","ប្រាំពីរមករា","11.5615","104.9139","Phsar Orussey | Psar Orusey | O'Ruessei Market | ផ្សារអូរឬស្សី","orussey market | orusey | o'ruessei | phsar orussey | psar | pshar | psa | psah | wet market | phnom penh | prampir meakkara | ផ្សារអូរឫស្សី | អូរឬស្សី | អូរឫស្សី"
"9004","Olympic Market","ផ្សារអូឡាំពិក","Phnom Penh","ភ្នំពេញ","Boeng Keng Kang","បឹងកេងកង","11.5534","104.9116","Phsar Olympic | Psar Olympic","olympic market | phsar olympic | psar olympic | pshar | psa | psah | wet market | phnom penh | boeng keng kang | bkk | ផ្សារអូឡាំពិក"
"9005","Phnom Penh Night Market","ផ្សាររាត្រីភ្នំពេញ","Phnom Penh","ភ្នំពេញ","Daun Penh","ដូនពេញ","11.5742","104.9278","Phsar Reatrey Phnom Penh | Night Market | Phsar Reatrey","phnom penh night market | night market | phsar reatrey | psar reatrey | pshar | psa | psah | daun penh | ផ្សាររាត្រីភ្នំពេញ | ផ្សាររាត្រី"
"9006","Psar Chas (Phnom Penh)","ផ្សារចាស់ (ភ្នំពេញ)","Phnom Penh","ភ្នំពេញ","Doun Penh","ដូនពេញ","11.5676","104.9218","Psar Chas | Phsar Chas | Psar Chas Phnom Penh | Phsar Chas Phnom Penh | Old Market Phnom Penh | ផ្សារចាស់ភ្នំពេញ","psar chas | phsar chas | pshar chas | psa chas | psah chas | psar chas phnom penh | phsar chas phnom penh | old market | old market phnom penh | doun penh | riverfront market | phnom penh | ផ្សារចាស់ | ផ្សារចាស់ភ្នំពេញ"
"9007","Phsar Leu Thom Thmey","ផ្សារលើធំថ្មី","Siem Reap","សៀមរាប","Siem Reap Municipality","ក្រុងសៀមរាប","13.3619","103.8767","Phsar Leu Siem Reap | Psar Leu Thom Thmey | Grand New Upper Market","phsar leu | psar leu | pshar leu | psa leu | psah leu | phsar leu thom thmey | siem reap | wet market | ផ្សារលើធំថ្មី | ផ្សារលើ"
"9008","Angkor Night Market","ផ្សាររាត្រីអង្គរ","Siem Reap","សៀមរាប","Siem Reap Municipality","ក្រុងសៀមរាប","13.3548","103.8519","Angkor Night Market Siem Reap","angkor night market | night market | phsar | psar | pshar | psa | psah | siem reap | ផ្សាររាត្រីអង្គរ | ផ្សាររាត្រី"
"9009","Made in Cambodia Market","ផ្សារមេតអ៊ីនខេមបូឌា","Siem Reap","សៀមរាប","Siem Reap Municipality","ក្រុងសៀមរាប","13.3524","103.859","Made in Cambodia Market Siem Reap","made in cambodia market | market | phsar | psar | pshar | psa | psah | siem reap | ផ្សារមេតអ៊ីនខេមបូឌា"
"9010","Phsar Nath","ផ្សារណាត់","Battambang","បាត់ដំបង","Battambang Municipality","ក្រុងបាត់ដំបង","13.1008","103.1979","Psar Nat | Phsar Nat Battambang | Psar Nath","phsar nath | psar nat | pshar nath | psa nat | psah nat | central market | wet market | battambang | ផ្សារណាត់"
"9011","Boeung Chhouk Market","ផ្សារបឹងឈូក","Battambang","បាត់ដំបង","Battambang Municipality","ក្រុងបាត់ដំបង","13.1042","103.1952","Boeung Chhouk Wet Market | Psar Boeung Chhouk","boeung chhouk market | psar boeung chhouk | phsar boeung chhouk | pshar | psa | psah | wet market | battambang | ផ្សារបឹងឈូក"
"9012","Battambang Night Market","ផ្សាររាត្រីបាត់ដំបង","Battambang","បាត់ដំបង","Battambang Municipality","ក្រុងបាត់ដំបង","13.0991","103.2001","Night Market Battambang | Battambang Food Market","battambang night market | night market | phsar | psar | pshar | psa | psah | battambang | ផ្សាររាត្រីបាត់ដំបង | ផ្សាររាត្រី"
"9013","Phsar Leu Sihanoukville","ផ្សារលើក្រុងព្រះសីហនុ","Preah Sihanouk","ព្រះសីហនុ","Sihanoukville Municipality","ក្រុងព្រះសីហនុ","10.6244","103.5299","Psar Leu Sihanoukville | Sihanoukville Upper Market | Phsar Leu","phsar leu | psar leu | pshar leu | psa leu | psah leu | phsar leu sihanoukville | sihanoukville | wet market | ផ្សារលើ"
"9014","Phsar Krom","ផ្សារក្រោម","Preah Sihanouk","ព្រះសីហនុ","Sihanoukville Municipality","ក្រុងព្រះសីហនុ","10.612","103.5181","Psar Krom | Sihanoukville Lower Market | Phsar Krom Sihanoukville","phsar krom | psar krom | pshar krom | psa krom | psah krom | sihanoukville | wet market | ផ្សារក្រោម"
"9015","Sihanoukville Market","ផ្សាររាត្រីក្រុងព្រះសីហនុ","Preah Sihanouk","ព្រះសីហនុ","Sihanoukville Municipality","ក្រុងព្រះសីហនុ","10.6264","103.5212","Sihanoukville Night Market | Phsar Reatrey Sihanoukville","sihanoukville night market | sihanoukville market | night market | phsar | psar | pshar | psa | psah | sihanoukville | ផ្សាររាត្រីក្រុងព្រះសីហនុ | ផ្សាររាត្រី"
"9016","Kampot Market","ផ្សារសាមគ្គីកំពត","Kampot","កំពត","Kampot Municipality","ក្រុងកំពត","10.6153","104.1801","Phsar Samaki | Psar Samaki Kampot | Kampot Central Market","kampot market | phsar samaki | psar samaki | pshar samaki | psa samaki | psah samaki | kampot | wet market | ផ្សារសាមគ្គី | ផ្សារកំពត"
"9017","Kampot Night Market","ផ្សាររាត្រីកំពត","Kampot","កំពត","Kampot Municipality","ក្រុងកំពត","10.6111","104.1792","Kampot Night Market & Food Court","kampot night market | night market | phsar | psar | pshar | psa | psah | kampot | ផ្សាររាត្រីកំពត | ផ្សាររាត្រី"
"9018","Kep Crab Market","ផ្សារក្តាម","Kep","កែប","Kep Municipality","ក្រុងកែប","10.4828","104.2936","Phsar Kdam | Psar Kdam Kep | Crab Market","kep crab market | crab market | phsar kdam | psar kdam | pshar kdam | psa kdam | psah kdam | kep | wet market | ផ្សារក្តាម"
"9019","Kep Market","ផ្សារកែប","Kep","កែប","Kep Municipality","ក្រុងកែប","10.4981","104.3054","Phsar Kep | Psar Kep Local Market","kep market | phsar kep | psar kep | pshar | psa | psah | kep | wet market | ផ្សារកែប"
"9020","Takhmao Market","ផ្សារតាខ្មៅ","Kandal","កណ្តាល","Takhmao Municipality","ក្រុងតាខ្មៅ","11.4846","104.9451","Phsar Takhmao | Psar Takhmao | Takhmao Central Market","takhmao market | phsar takhmao | psar takhmao | pshar takhmao | psa takhmao | psah takhmao | kandal | wet market | ផ្សារតាខ្មៅ"
"9021","Kien Svay Market","ផ្សារគៀនស្វាយ","Kandal","កណ្តាល","Kien Svay","គៀនស្វាយ","11.5034","105.0346","Phsar Kien Svay | Psar Kien Svay Resort Market","kien svay market | phsar kien svay | psar kien svay | pshar | psa | psah | kandal | wet market | ផ្សារគៀនស្វាយ"
"9022","Arey Ksat Market","ផ្សារអរិយក្សត្រ","Kandal","កណ្តាល","Lvea Aem","ល្វាឯម","11.567","104.9542","Phsar Arey Ksat | Psar Areyksat","arey ksat market | phsar arey ksat | psar areyksat | pshar | psa | psah | kandal | wet market | lvea aem | ផ្សារអរិយក្សត្រ"
"9023","Kampong Cham Market","ផ្សារធំកំពង់ចាម","Kampong Cham","កំពង់ចាម","Kampong Cham Municipality","ក្រុងកំពង់ចាម","11.9913","105.4649","Phsar Thom Kampong Cham | Psar Thom Kampong Cham | Kampong Cham Wet Market","kampong cham market | phsar thom kampong cham | psar thom kampong cham | pshar | psa | psah | wet market | kampong cham | ផ្សារធំកំពង់ចាម | ផ្សារកំពង់ចាម"
"9024","Phsar Thom Kampong Cham","ផ្សារធំកំពង់ចាម","Kampong Cham","កំពង់ចាម","Kampong Cham Municipality","ក្រុងកំពង់ចាម","11.9913","105.4649","Kampong Cham Market | Psar Thom Kampong Cham","phsar thom kampong cham | kampong cham market | psar thom kampong cham | pshar | psa | psah | wet market | kampong cham | ផ្សារធំកំពង់ចាម"
"9025","Skun Market","ផ្សារស្គន់","Kampong Cham","កំពង់ចាម","Chey Sen / Prey Chhor","ជើងព្រៃ","12.0469","105.0747","Phsar Skun | Psar Skon | Spider Market Skun","skun market | spider market | phsar skun | psar skon | pshar | psa | psah | kampong cham | wet market | ផ្សារស្គន់ | ស្គន់"
"9026","Suong Market","ផ្សារសួង","Tboung Khmum","ត្បូងឃ្មុំ","Suong Municipality","ក្រុងសួង","11.9093","105.6543","Phsar Suong | Psar Suong | Suong Central Market","suong market | phsar suong | psar suong | pshar suong | psa suong | psah suong | tboung khmum | wet market | ផ្សារសួង"
"9027","Memot Market","ផ្សារមេមត់","Tboung Khmum","ត្បូងឃ្មុំ","Memot","មេមត់","11.8287","106.1817","Phsar Memot | Psar Memot","memot market | phsar memot | psar memot | pshar | psa | psah | tboung khmum | wet market | memot | ផ្សារមេមត់"
"9028","Tboung Khmum Market","ផ្សារត្បូងឃ្មុំ","Tboung Khmum","ត្បូងឃ្មុំ","Tboung Khmum District","ស្រុកត្បូងឃ្មុំ","11.8841","105.8123","Phsar Tboung Khmum | Psar Tboungkhmum","tboung khmum market | phsar tboung khmum | psar tboung khmum | pshar | psa | psah | tboung khmum | wet market | ផ្សារត្បូងឃ្មុំ"
"9029","Takeo Market","ផ្សារតាកែវ","Takeo","តាកែវ","Doun Kaev Municipality","ក្រុងដូនកែវ","10.981","104.778","Phsar Takeo | Psar Takeo Central Market | Phsar Thom Takeo","takeo market | phsar takeo | psar takeo | pshar takeo | psa takeo | psah takeo | takeo | wet market | ផ្សារតាកែវ | ដូនកែវ"
"9030","Ang Ta Som Market","ផ្សារអង្គតាសោម","Takeo","តាកែវ","Tram Kak","ត្រាំកក់","11.0131","104.6732","Phsar Ang Tasom | Psar Angtasom | Ang Tasom Market","ang ta som market | angtasom | ang tasom market | phsar ang tasom | psar angtasom | pshar | psa | psah | takeo | wet market | tram kak | ផ្សារអង្គតាសោម"
"9031","Kirivong Market","ផ្សារគិរីវង់","Takeo","តាកែវ","Kiri Vong","គិរីវង់","10.7412","104.7932","Phsar Kirivong | Psar Kirivong Tonloab","kirivong market | phsar kirivong | psar kirivong | pshar | psa | psah | takeo | wet market | kirivong | ផ្សារគិរីវង់"
"9032","Prey Veng Market","ផ្សារព្រៃវែង","Prey Veng","ព្រៃវែង","Prey Veng Municipality","ក្រុងព្រៃវែង","11.4857","105.3202","Phsar Prey Veng | Psar Prey Veng Central Market","prey veng market | phsar prey veng | psar prey veng | pshar prey veng | psa prey veng | psah prey veng | prey veng | wet market | ផ្សារព្រៃវែង"
"9033","Neak Leung Market","ផ្សារអ្នកលឿង","Prey Veng","ព្រៃវែង","Peam Ro","ពាមរក៍","11.2582","105.2811","Phsar Neak Leung | Psar Neak Loeung | Neak Loeung Market","neak leung market | neak loeung | phsar neak leung | psar neak loeung | pshar | psa | psah | prey veng | wet market | ផ្សារអ្នកលឿង"
"9034","Svay Rieng Market","ផ្សារស្វាយរៀង","Svay Rieng","ស្វាយរៀង","Svay Rieng Municipality","ក្រុងស្វាយរៀង","11.0821","105.8012","Psar Nat Svay Rieng | Phsar Svay Rieng | Svay Rieng Central Market","svay rieng market | psar nat svay rieng | phsar svay rieng | pshar | psa | psah | svay rieng | wet market | ផ្សារស្វាយរៀង"
"9035","Psar Nat Svay Rieng","ផ្សារស្វាយរៀង","Svay Rieng","ស្វាយរៀង","Svay Rieng Municipality","ក្រុងស្វាយរៀង","11.0821","105.8012","Svay Rieng Market | Phsar Nat Svay Rieng","psar nat svay rieng | svay rieng market | phsar nat svay rieng | pshar | psa | psah | svay rieng | wet market | ផ្សារស្វាយរៀង"
"9036","Bavet Market","ផ្សារបាវិត","Svay Rieng","ស្វាយរៀង","Bavet Municipality","ក្រុងបាវិត","11.0713","106.1243","Phsar Bavet | Psar Bavet Border Market","bavet market | phsar bavet | psar bavet | pshar | psa | psah | svay rieng | bavet | wet market | ផ្សារបាវិត"
"9037","Kampong Speu Market","ផ្សារកំពង់ស្ពឺ","Kampong Speu","កំពង់ស្ពឺ","Chbar Mon Municipality","ក្រុងច្បារមន","11.4615","104.5213","Chbar Mon Market | Phsar Chbar Mon | Kampong Speu Central Market","kampong speu market | chbar mon market | phsar chbar mon | psar chbar mon | pshar | psa | psah | kampong speu | wet market | ផ្សារកំពង់ស្ពឺ | ផ្សារច្បារមន"
"9038","Chbar Mon Market","ផ្សារច្បារមន","Kampong Speu","កំពង់ស្ពឺ","Chbar Mon Municipality","ក្រុងច្បារមន","11.4615","104.5213","Kampong Speu Market | Phsar Chbar Mon","chbar mon market | phsar chbar mon | psar chbar mon | kampong speu market | pshar | psa | psah | kampong speu | wet market | ផ្សារច្បារមន | ផ្សារកំពង់ស្ពឺ"
"9039","Kampong Chhnang Market","ផ្សារកំពង់ឆ្នាំង","Kampong Chhnang","កំពង់ឆ្នាំង","Kampong Chhnang Municipality","ក្រុងកំពង់ឆ្នាំង","12.2514","104.6645","Phsar Leu Kampong Chhnang | Psar Leu Kampong Chhnang | Kampong Chhnang Central Market","kampong chhnang market | phsar leu kampong chhnang | psar leu kampong chhnang | pshar | psa | psah | kampong chhnang | wet market | ផ្សារកំពង់ឆ្នាំង | ផ្សារលើកំពង់ឆ្នាំង"
"9040","Phsar Leu Kampong Chhnang","ផ្សារលើកំពង់ឆ្នាំង","Kampong Chhnang","កំពង់ឆ្នាំង","Kampong Chhnang Municipality","ក្រុងកំពង់ឆ្នាំង","12.2514","104.6645","Kampong Chhnang Market | Psar Leu Kampong Chhnang","phsar leu kampong chhnang | psar leu kampong chhnang | kampong chhnang market | pshar | psa | psah | kampong chhnang | wet market | ផ្សារលើកំពង់ឆ្នាំង"
"9041","Kampong Thom Market","ផ្សារកំពង់ធំ","Kampong Thom","កំពង់ធំ","Stueng Saen Municipality","ក្រុងស្ទឹងសែន","12.7122","104.8883","Phsar Kampong Thom | Psar Kampong Thom Central Market","kampong thom market | phsar kampong thom | psar kampong thom | pshar | psa | psah | kampong thom | wet market | ផ្សារកំពង់ធំ | ស្ទឹងសែន"
"9042","Phsar Kampong Thom","ផ្សារកំពង់ធំ","Kampong Thom","កំពង់ធំ","Stueng Saen Municipality","ក្រុងស្ទឹងសែន","12.7122","104.8883","Kampong Thom Market | Psar Kampong Thom","phsar kampong thom | psar kampong thom | kampong thom market | pshar | psa | psah | kampong thom | wet market | ផ្សារកំពង់ធំ"
"9043","Stoung Market","ផ្សារស្ទោង","Kampong Thom","កំពង់ធំ","Stoung","ស្ទោង","12.8712","104.5123","Phsar Stoung | Psar Stoung Local Market","stoung market | phsar stoung | psar stoung | pshar | psa | psah | kampong thom | wet market | stoung | ផ្សារស្ទោង"
"9044","Pursat Market","ផ្សារពោធិ៍សាត់","Pursat","ពោធិ៍សាត់","Pursat Municipality","ក្រុងពោធិ៍សាត់","12.5342","103.9189","Phsar Thmey Pursat | Psar Thmey Pursat | Pursat Central Market","pursat market | phsar thmey pursat | psar thmey pursat | pshar | psa | psah | pursat | wet market | ផ្សារពោធិ៍សាត់ | ផ្សារថ្មីពោធិ៍សាត់"
"9045","Phsar Thmey Pursat","ផ្សារថ្មីពោធិ៍សាត់","Pursat","ពោធិ៍សាត់","Pursat Municipality","ក្រុងពោធិ៍សាត់","12.5342","103.9189","Pursat Market | Psar Thmey Pursat","phsar thmey pursat | psar thmey pursat | pursat market | pshar | psa | psah | pursat | wet market | ផ្សារថ្មីពោធិ៍សាត់ | ផ្សារពោធិ៍សាត់"
"9046","Krakor Market","ផ្សារក្រគរ","Pursat","ពោធិ៍សាត់","Krakor","ក្រគរ","12.5212","104.1612","Phsar Krakor | Psar Krakor Local Market","krakor market | phsar krakor | psar krakor | pshar | psa | psah | pursat | wet market | krakor | ផ្សារក្រគរ"
"9047","Poipet Market","ផ្សារប៉ោយប៉ែត","Banteay Meanchey","បន្ទាយមានជ័យ","Poipet Municipality","ក្រុងប៉ោយប៉ែត","13.6542","102.5612","Phsar Poipet | Psar Poipet Border Market","poipet market | phsar poipet | psar poipet | pshar | psa | psah | banteay meanchey | poipet | wet market | ផ្សារប៉ោយប៉ែត"
"9048","Serei Saophoan Market","ផ្សារសិរីសោភ័ណ","Banteay Meanchey","បន្ទាយមានជ័យ","Serei Saophoan Municipality","ក្រុងសិរីសោភ័ណ","13.5842","102.9712","Sisophon Market | Phsar Sisophon | Psar Serei Saophoan","serei saophoan market | sisophon market | phsar sisophon | psar serei saophoan | pshar | psa | psah | banteay meanchey | wet market | ផ្សារសិរីសោភ័ណ | សិរីសោភ័ណ"
"9049","Rong Kluea Market","ផ្សាររ៉ុងក្លឿ","Banteay Meanchey","បន្ទាយមានជ័យ","Poipet Municipality","ក្រុងប៉ោយប៉ែត","13.6612","102.5512","Rong Kluea Border Market | Rong Klua Market","rong kluea market | rong klua market | border market | phsar | psar | pshar | psa | psah | banteay meanchey | poipet | ផ្សាររ៉ុងក្លឿ"
"9050","Samraong Market","ផ្សារសំរោង","Oddar Meanchey","ឧត្តរមានជ័យ","Samraong Municipality","ក្រុងសំរោង","14.1812","103.5112","Phsar Samraong | Psar Samraong Central Market","samraong market | phsar samraong | psar samraong | pshar | psa | psah | oddar meanchey | wet market | ផ្សារសំរោង"
"9051","Anlong Veng Market","ផ្សារអន្លង់វែង","Oddar Meanchey","ឧត្តរមានជ័យ","Anlong Veng","អន្លង់វែង","14.1212","104.1012","Phsar Anlong Veng | Psar Anlongveng","anlong veng market | phsar anlong veng | psar anlong veng | pshar | psa | psah | oddar meanchey | anlong veng | wet market | ផ្សារអន្លង់វែង"
"9052","Samaki Market","ផ្សារសាមគ្គីប៉ៃលិន","Pailin","ប៉ៃលិន","Pailin Municipality","ក្រុងប៉ៃលិន","12.8542","102.6112","Pahi Market | Phsar Pahi | Psar Samaki Pailin","samaki market | pahi market | phsar pahi | psar pahi | psar samaki | pshar | psa | psah | pailin | wet market | ផ្សារសាមគ្គីប៉ៃលិន | ផ្សារប៉ាហ៊ី"
"9053","Phsar Thmey Pailin","ផ្សារថ្មីប៉ៃលិន","Pailin","ប៉ៃលិន","Pailin Municipality","ក្រុងប៉ៃលិន","12.8593","102.6042","Pailin Market | Psar Thmey Pailin","phsar thmey pailin | psar thmey pailin | pailin market | pshar | psa | psah | pailin | wet market | ផ្សារថ្មីប៉ៃលិន"
"9054","Pailin Market","ផ្សារថ្មីប៉ៃលិន","Pailin","ប៉ៃលិន","Pailin Municipality","ក្រុងប៉ៃលិន","12.8593","102.6042","Phsar Thmey Pailin | Psar Pailin","pailin market | phsar thmey pailin | psar thmey pailin | pshar | psa | psah | pailin | wet market | ផ្សារប៉ៃលិន"
"9055","Koh Kong Market","ផ្សារដុងទុងកោះកុង","Koh Kong","កោះកុង","Khemarak Phoumin Municipality","ក្រុងខេមរភូមិន្ទ","11.6142","102.9812","Dong Tong Market | Phsar Dong Tong | Koh Kong Local Market","koh kong market | dong tong market | phsar dong tong | psar dong tong | pshar | psa | psah | koh kong | wet market | ផ្សារដុងទុង | ផ្សារកោះកុង"
"9056","Dong Tong Market","ផ្សារដុងទុង","Koh Kong","កោះកុង","Khemarak Phoumin Municipality","ក្រុងខេមរភូមិន្ទ","11.6142","102.9812","Koh Kong Market | Phsar Dong Tong","dong tong market | phsar dong tong | psar dong tong | koh kong market | pshar | psa | psah | koh kong | wet market | ផ្សារដុងទុង"
"9057","Phsar Leu Koh Kong","ផ្សារលើកោះកុង","Koh Kong","កោះកុង","Khemarak Phoumin Municipality","ក្រុងខេមរភូមិន្ទ","11.6212","102.9912","Psar Leu Koh Kong | Koh Kong Upper Market","phsar leu koh kong | psar leu koh kong | pshar leu | psa leu | psah | koh kong | wet market | ផ្សារលើកោះកុង | ផ្សារលើ"
"9058","Kratie Central Market","ផ្សារធំក្រចេះ","Kratie","ក្រចេះ","Kratie Municipality","ក្រុងក្រចេះ","12.4842","106.0112","Phsar Kratie | Psar Kratie | Kratie Central Wet Market","kratie central market | phsar kratie | psar kratie | pshar kratie | psa kratie | psah kratie | kratie | wet market | ផ្សារធំក្រចេះ | ផ្សារក្រចេះ"
"9059","Kratie Night Market","ផ្សាររាត្រីក្រចេះ","Kratie","ក្រចេះ","Kratie Municipality","ក្រុងក្រចេះ","12.4812","106.0162","Kratie Riverfront Night Market","kratie night market | night market | phsar | psar | pshar | psa | psah | kratie | ផ្សាររាត្រីក្រចេះ | ផ្សាររាត្រី"
"9060","Stung Treng Market","ផ្សារសាមគ្គីស្ទឹងត្រែង","Stung Treng","ស្ទឹងត្រែង","Stung Treng Municipality","ក្រុងស្ទឹងត្រែង","13.5242","105.9712","Phsar Samaki Stung Treng | Psar Samaki Stung Treng | Stung Treng Central Market","stung treng market | phsar samaki stung treng | psar samaki stung treng | pshar | psa | psah | stung treng | wet market | ផ្សារសាមគ្គីស្ទឹងត្រែង | ផ្សារស្ទឹងត្រែង"
"9061","Phsar Samaki Stung Treng","ផ្សារសាមគ្គីស្ទឹងត្រែង","Stung Treng","ស្ទឹងត្រែង","Stung Treng Municipality","ក្រុងស្ទឹងត្រែង","13.5242","105.9712","Stung Treng Market | Psar Samaki Stung Treng","phsar samaki stung treng | psar samaki stung treng | stung treng market | pshar | psa | psah | stung treng | wet market | ផ្សារសាមគ្គីស្ទឹងត្រែង"
"9062","Banlung Market","ផ្សារបានលុង","Ratanakiri","រតនគីរី","Banlung Municipality","ក្រុងបានលុង","13.7412","107.0112","Phsar Banlung | Psar Banlung Central Market | Ratanakiri Market","banlung market | phsar banlung | psar banlung | pshar banlung | psa banlung | psah banlung | ratanakiri market | ratanakiri | wet market | ផ្សារបានលុង | បានលុង"
"9063","Ratanakiri Market","ផ្សារបានលុង","Ratanakiri","រតនគីរី","Banlung Municipality","ក្រុងបានលុង","13.7412","107.0112","Banlung Market | Phsar Banlung","ratanakiri market | banlung market | phsar banlung | psar banlung | pshar | psa | psah | ratanakiri | wet market | ផ្សារបានលុង"
"9064","Sen Monorom Market","ផ្សារសែនមនោរម្យ","Mondulkiri","មណ្ឌលគីរី","Sen Monorom Municipality","ក្រុងសែនមនោរម្យ","12.4542","107.1912","Mondulkiri Market | Phsar Sen Monorom | Psar Sen Monorom","sen monorom market | mondulkiri market | phsar sen monorom | psar sen monorom | pshar | psa | psah | mondulkiri | wet market | ផ្សារសែនមនោរម្យ | សែនមនោរម្យ"
"9065","Mondulkiri Market","ផ្សារសែនមនោរម្យ","Mondulkiri","មណ្ឌលគីរី","Sen Monorom Municipality","ក្រុងសែនមនោរម្យ","12.4542","107.1912","Sen Monorom Market | Phsar Mondulkiri","mondulkiri market | sen monorom market | phsar mondulkiri | psar mondulkiri | pshar | psa | psah | mondulkiri | wet market | ផ្សារសែនមនោរម្យ"
"9066","Tbeng Meanchey Market","ផ្សារត្បែងមានជ័យ","Preah Vihear","ព្រះវិហារ","Tbeng Meanchey Municipality","ក្រុងត្បែងមានជ័យ","13.8112","104.9712","Preah Vihear Market | Phsar Tbeng Meanchey | Psar Tbeng Meanchey","tbeng meanchey market | preah vihear market | phsar tbeng meanchey | psar tbeng meanchey | pshar | psa | psah | preah vihear | wet market | ផ្សារត្បែងមានជ័យ | ត្បែងមានជ័យ"
"9067","Preah Vihear Market","ផ្សារត្បែងមានជ័យ","Preah Vihear","ព្រះវិហារ","Tbeng Meanchey Municipality","ក្រុងត្បែងមានជ័យ","13.8112","104.9712","Tbeng Meanchey Market | Phsar Preah Vihear","preah vihear market | tbeng meanchey market | phsar preah vihear | psar preah vihear | pshar | psa | psah | preah vihear | wet market | ផ្សារត្បែងមានជ័យ"
"9068","Tuol Chan Village","ភូមិទួលចាន់","Kampong Cham","កំពង់ចាម","Batheay","បាធាយ","12.015","104.912","Tuol Chan | Toul Chan | Chbar Ampov | Chbar Ampov Commune | Batheay","tuol chan | toul chan | chbar ampov | batheay | kampong cham | tuol chan village | toul chan village | ទួលចាន់ | ភូមិទួលចាន់ | ច្បារអំពៅ | បាធាយ | កំពង់ចាម"
"9069","Tuol Chan Village (Kandal)","ភូមិទួលចាន់ (កណ្ដាល)","Kandal","កណ្ដាល","Kaoh Thum","កោះធំ","11.130317","105.130143","Tuol Chan | Toul Chan | Leuk Daek | Leuk Daek Commune | Kaoh Thum | Koh Thom","tuol chan | toul chan | leuk daek | kaoh thum | koh thom | kandal | tuol chan village | toul chan village | ទួលចាន់ | ភូមិទួលចាន់ | លើកដែក | កោះធំ | កណ្តាល | កណ្ដាល"
"9070","Prek Chrey Market","ផ្សារព្រែកជ្រៃ","Phnom Penh","ភ្នំពេញ","Dangkao","ដង្កោ","11.4647145","104.8904545","Phsar Prek Chrey | Psar Prek Chrey | Prek Chrey","prek chrey | prekchrey | phsar prek chrey | psar prek chrey | prek chrey market | phnom penh | dangkao | ផ្សារព្រែកជ្រៃ | ព្រែកជ្រៃ"
"9071","Chbar Ampov Market","ផ្សារច្បារអំពៅ","Phnom Penh","ភ្នំពេញ","Chbar Ampov","ច្បារអំពៅ","11.533722","104.945089","Phsar Chbar Ampov | Psar Chbar Ampov | Chbar Ampov","chbar ampov | phsar chbar ampov | psar chbar ampov | chbar ampov market | phnom penh | chbar ampov district | ផ្សារច្បារអំពៅ | ច្បារអំពៅ"
"9072","AEON Maxvalu Express Takhmao","","Phnom Penh","ភ្នំពេញ","","","11.4752621","104.9479077","",""
"9073","AEON Maxvalu Express Bodaiju","អ៊ីអនម៉ាកវ៉លអ៊ិចប្រេសបូដៃជូ","Phnom Penh","ភ្នំពេញ","","","11.559452","104.848012","",""
"9074","AEON Maxvalu Express Chak Angre Krom2","អ៊ីអន ម៉ាក់វ៉លអ៊ិចប្រេស ចាក់អង្រែក្រោម ២","Phnom Penh","ភ្នំពេញ","","","11.509561","104.937735","",""
"9075","AEON Maxvalu Express De Castle Royal","","Phnom Penh","ភ្នំពេញ","","","11.5534447","104.9216423","",""
"9076","AEON Maxvalu Express BKK 57","","Phnom Penh","ភ្នំពេញ","","","11.5545483","104.9246626","",""
"9077","AEON Maxvalu Express Russey Keo","អ៊ីអន ម៉ាកវ៉ល់ អ៊ិចប្រេស ឬស្សីកែវ","Phnom Penh","ភ្នំពេញ","","","11.6316836","104.8834438","",""
"9078","AEON Maxvalu Express Toul Kork","","Phnom Penh","ភ្នំពេញ","","","11.5744311","104.8904018","",""
"9079","AEON Maxvalu Express BKK 1","","Phnom Penh","ភ្នំពេញ","","","11.5490941","104.9273033","",""
"9080","Phsar Moan Ang int.","ស្តុប ផ្សារមាន់អាំង","Phnom Penh","ភ្នំពេញ","","","11.5757519","104.8918525","",""
"9081","Kbal Knol Market","","Phnom Penh","ភ្នំពេញ","","","11.5299867","104.9306176","",""
"9082","Lucky","","Phnom Penh","ភ្នំពេញ","","","11.5553367","104.9222996","",""
"9083","Sydney super market (closed)","","Phnom Penh","ភ្នំពេញ","","","11.56896","104.9145097","",""
"9084","Thai Huot","","Phnom Penh","ភ្នំពេញ","","","11.570285","104.9182332","",""
"9085","Bayon Market","ផ្សារបាយ័ន","Phnom Penh","ភ្នំពេញ","","","11.5710553","104.9164324","",""
"9086","Nine Dragons","","Phnom Penh","ភ្នំពេញ","","","11.5606885","104.8704741","",""
"9087","Beltei International School 8 (Pochentong Market Campus)","សាលាប៊ែលធីអន្តរជាតិ ទី៨ (សាខាផ្សារពោធិ៍ចិនតុង)","Phnom Penh","ភ្នំពេញ","","","11.5627999","104.8579343","",""
"9088","Arona Mart","អារ៉ូណាម៉ាត","Phnom Penh","ភ្នំពេញ","","","11.5665765","104.8976261","",""
"9089","Thai Huot Market","","Phnom Penh","ភ្នំពេញ","","","11.5733924","104.8967636","",""
"9090","Lucky","","Phnom Penh","ភ្នំពេញ","","","11.5446057","104.9320972","",""
"9091","Superstore","ស៊ុបភើស្ដរ","Phnom Penh","ភ្នំពេញ","","","11.5735743","104.8794425","",""
"9092","Soun Ly Houy Mart","","Phnom Penh","ភ្នំពេញ","","","11.5570589","104.9229932","",""
"9093","Lucky","","Phnom Penh","ភ្នំពេញ","","","11.5834225","104.8992265","",""
"9094","Lucky","","Phnom Penh","ភ្នំពេញ","","","11.561744","104.871929","",""
"9095","Le Marché","","Phnom Penh","ភ្នំពេញ","","","11.5388144","104.9161337","",""
"9096","Angkor Market","","Phnom Penh","ភ្នំពេញ","","","11.5390321","104.9152357","",""
"9097","Thai Huot Market","ផ្សារថៃហួត","Phnom Penh","ភ្នំពេញ","","","11.5494147","104.9242109","",""
"9098","Lucky","","Phnom Penh","ភ្នំពេញ","","","11.5371352","104.8869804","",""
"9099","Lucky","","Phnom Penh","ភ្នំពេញ","","","11.5678128","104.920658","",""
"9100","Super Duper","ស៊ូភើឌូភើ","Phnom Penh","ភ្នំពេញ","","","11.5335572","104.9161607","",""
"9101","Borey Peng Huoth Boeung Snor","បុរីប៉េងហួត បឹងស្នោ","Phnom Penh","ភ្នំពេញ","Chbar Ampov","ច្បារអំពៅ","11.5367","104.9654","Peng Huoth Boeung Snor | បុរីប៉េងហួត | Borey Peng Huoth Grand Star Platinum","borey peng huoth | boeung snor | បុរីប៉េងហួត | បឹងស្នោ"
"9102","Borey Piphup Thmey Chom Chao","បុរីពិភពថ្មី ចោមចៅ","Phnom Penh","ភ្នំពេញ","Pur SenChey","ពោធិ៍សែនជ័យ","11.5215","104.8152","បុរីពិភពថ្មី ចោមចៅ | Borey New World Chom Chao","borey piphup thmey | chom chao | បុរីពិភពថ្មី"
"9103","Borey Chip Mong Land 271","បុរីជីបម៉ុង ២៧១","Phnom Penh","ភ្នំពេញ","Mean Chey","មានជ័យ","11.535","104.919","Chip Mong Land 271 | បុរីជីបម៉ុង | Chip Mong 271 Estate","borey chip mong | chip mong 271 | បុរីជីបម៉ុង"
"9104","Phsar Chhbar Ampov","ផ្សារច្បារអំពៅ","Phnom Penh","ភ្នំពេញ","Chbar Ampov","ច្បារអំពៅ","11.5392","104.9458","Phsar Chbar Ampov | Psar Chbar Ampov | Chbar Ampov Market","phsar chbar ampov | psar chbar ampov | ផ្សារច្បារអំពៅ"
"9105","Phsar Boeung Keng Kang","ផ្សារបឹងកេងកង","Phnom Penh","ភ្នំពេញ","Boeng Keng Kang","បឹងកេងកង","11.5492","104.9247","Phsar BKK1 | Psar Boeung Keng Kang | BKK Market","phsar boeung keng kang | psar bkk | ផ្សារបឹងកេងកង"
"9106","Phsar Depo","ផ្សារដេប៉ូ","Phnom Penh","ភ្នំពេញ","Tuol Kouk","ទួលគោក","11.5668","104.9103","Phsar Depo | Psar Depo | Depo Market","phsar depo | psar depo | ផ្សារដេប៉ូ"
"9107","Phsar Kandal","ផ្សារកណ្តាល","Phnom Penh","ភ្នំពេញ","Daun Penh","ដូនពេញ","11.5714","104.9286","Phsar Kandal | Psar Kandal | Kandal Market Phnom Penh","phsar kandal | psar kandal | ផ្សារកណ្តាល"
"9108","Phsar Century Plaza","ផ្សារសិនធូរីផ្លាហ្សា","Phnom Penh","ភ្នំពេញ","Pur SenChey","ពោធិ៍សែនជ័យ","11.5521","104.8512","Century Plaza Market | Phsar Century | Pochentong Century Plaza","century plaza | phsar century plaza | ផ្សារសិនធូរីផ្លាហ្សា"
"9109","Makro Sen Sok","ផ្សារម៉ាក្រូ សែនសុខ","Phnom Penh","ភ្នំពេញ","Sen Sok","សែនសុខ","11.5975","104.886","Makro Phnom Penh | Makro Wholesale | ផ្សារម៉ាក្រូ","makro sen sok | makro phnom penh | ផ្សារម៉ាក្រូ"
"9110","Global House Phnom Penh","ផ្សារហ្គ្លូប៊ល ហៅស៍","Phnom Penh","ភ្នំពេញ","Sen Sok","សែនសុខ","11.5992","104.8845","Global House Sen Sok | Global House Cambodia","global house | global house sen sok | ហ្គ្លូប៊ល ហៅស៍"
"9111","K-Mall Veng Sreng","ផ្សារ K-Mall វេងស្រេង","Phnom Penh","ភ្នំពេញ","Pur SenChey","ពោធិ៍សែនជ័យ","11.531","104.8525","K-Mall | KMall Veng Sreng | ផ្សារខេម៉ល","k-mall | kmall veng sreng | ផ្សារខេម៉ល"
"9112","Lucky Supermarket Sihanoukville","ផ្សារឡាក់គី ព្រះសីហនុ","Preah Sihanouk","ព្រះសីហនុ","Preah Sihanouk Municipality","ក្រុងព្រះសីហនុ","10.6252","103.5285","Lucky Mall Sihanoukville | Lucky Supermarket Kampong Som","lucky supermarket sihanoukville | lucky mall kampong som"
"9113","Phsar Samaki Siem Reap","ផ្សារសាមគ្គី សៀមរាប","Siem Reap","សៀមរាប","Siem Reap Municipality","ក្រុងសៀមរាប","13.361","103.8642","Phsar Samaki | Psar Samaki Siem Reap | Samaki Market","phsar samaki | samaki market siem reap | ផ្សារសាមគ្គី"
"9114","Phsar Phnea Chey Siem Reap","ផ្សារភ្ញារជ័យ សៀមរាប","Siem Reap","សៀមរាប","Siem Reap Municipality","ក្រុងសៀមរាប","13.3425","103.842","Phsar Phnea Chey | Psar Phnea Chey","phsar phnea chey | psar phnea chey | ផ្សារភ្ញារជ័យ"
"9115","Phsar Bek Chan","ផ្សារបែកចាន","Kandal","កណ្តាល","Angk Snuol","អង្គស្នួល","11.5125","104.7214","Phsar Bek Chan Kandal | Psar Bek Chan | Bek Chan Market","phsar bek chan | bek chan market | ផ្សារបែកចាន"
"9116","Phsar Ang Snuol","ផ្សារអង្គស្នួល","Kandal","កណ្តាល","Angk Snuol","អង្គស្នួល","11.498","104.661","Phsar Angk Snuol | Ang Snuol Market","phsar ang snuol | ang snuol market | ផ្សារអង្គស្នួល"
"9117","Phsar Udong","ផ្សារឧដុង្គ","Kampong Speu","កំពង់ស្ពឺ","Oudong","ឧដុង្គ","11.8152","104.7521","Oudong Market | Phsar Oudong Kampong Speu | Psar Udong","phsar udong | oudong market | ផ្សារឧដុង្គ"
"9118","Phsar Skun","ផ្សារស្កុន","Kampong Cham","កំពង់ចាម","Cheung Prey","ជើងព្រៃ","12.0498","105.0682","Skun Spider Market | Phsar Skoun Kampong Cham | Psar Skun","phsar skun | skun market | spider market | ផ្សារស្កុន"
"9119","Phsar Suong","ផ្សារសួង","Tboung Khmum","ត្បូងឃ្មុំ","Suong Municipality","ក្រុងសួង","11.9168","105.6542","Suong Market Tboung Khmum | Phsar Suong City | Psar Suong","phsar suong | suong market | ផ្សារសួង"
"9120","Phsar Neak Loeung","ផ្សារអ្នកលឿង","Prey Veng","ព្រៃវែង","Peam Ro","ពាមរក៍","11.2562","105.2845","Neak Loeung Market Prey Veng | Psar Neak Leung | Phsar Neak Leung","phsar neak loeung | neak leung market | ផ្សារអ្នកលឿង"
"9121","Sangkat Phsar Chas","សង្កាត់ផ្សារចាស់","Phnom Penh","ភ្នំពេញ","","","11.5713455","104.9261668","",""
"9122","Sangkat Phsar Depou Ti Muoy","សង្កាត់ផ្សារដេប៉ូទី ១","Phnom Penh","ភ្នំពេញ","","","11.5690209","104.9029362","",""
"9123","Sangkat Phsar Depou Ti Pir","សង្កាត់ផ្សារដេប៉ូទី ២","Phnom Penh","ភ្នំពេញ","","","11.5656231","104.9031949","",""
"9124","Sangkat Phsar Depou Ti Bei","សង្កាត់ផ្សារដេប៉ូទី ៣","Phnom Penh","ភ្នំពេញ","","","11.5626152","104.904571","",""
"9125","Sangkat Phsar Daeum Kor","សង្កាត់ផ្សារដើមគរ","Phnom Penh","ភ្នំពេញ","","","11.5578276","104.9042409","",""
"9126","Phum Phsar Teuk Thla","ភូមិផ្សារទឹកថ្លា","Phnom Penh","ភ្នំពេញ","","","11.5620109","104.8802004","",""
"9127","Phum Phsar Kamboul","ភូមិផ្សារកំបូល","Phnom Penh","ភ្នំពេញ","","","11.5236284","104.7838254","",""
"9128","Un Vichet Market","ផ្សារអ៊ុនវិចិត្រ","Phnom Penh","ភ្នំពេញ","","","11.5743317","104.8998402","",""
"9129","ផ្សារទួលពង្រ ចោមចៅ","ផ្សារទួលពង្រ ចោមចៅ","Phnom Penh","ភ្នំពេញ","","","11.5199609","104.8598729","",""
"9130","Orng Market","","Phnom Penh","ភ្នំពេញ","","","11.5302389","104.7979205","",""
"9131","ផ្សារអូរបែកក្អម","ផ្សារអូរបែកក្អម","Phnom Penh","ភ្នំពេញ","","","11.5459682","104.8822405","",""
"9132","ផ្សារដីហុយ","ផ្សារដីហុយ","Phnom Penh","ភ្នំពេញ","","","11.5684245","104.8609671","",""
"9133","Vath markt","","Phnom Penh","ភ្នំពេញ","","","11.5228327","104.9121351","",""
"9134","ផ្សារទួលពង្រ","ផ្សារទួលពង្រ","Phnom Penh","ភ្នំពេញ","","","11.5310004","104.907074","",""
"9135","Super Duper","","Phnom Penh","ភ្នំពេញ","","","11.5556955","104.9333301","",""
"9136","K-Mart","ខេម៉ាត","Phnom Penh","ភ្នំពេញ","","","11.5858631","104.881881","",""
"9137","Bayon Supermarket","ផ្សារទំនើបបាយ័ណ","Phnom Penh","ភ្នំពេញ","","","11.5837392","104.8917852","",""
"9138","West Samhan Market","ខាងលិចផ្សារសាំហាន់","Phnom Penh","ភ្នំពេញ","","","11.592592","104.9008423","",""
"9139","ផ្សារបឹងសាឡាង","ផ្សារបឹងសាឡាង","Phnom Penh","ភ្នំពេញ","","","11.6037573","104.9094978","",""
"9140","Phsar Dey Hoy","ស្តុបផ្សារដីហុយ","Phnom Penh","ភ្នំពេញ","","","11.5726327","104.8705134","",""
"9141","Piphop Thmey Market","ផ្សារពិភពថ្មី","Phnom Penh","ភ្នំពេញ","","","11.5236877","104.8517584","",""
"9142","Phsar Tapang Pharmacy","ឱសថស្ថាន ផ្សារតាប៉ាងថ្មី","Phnom Penh","ភ្នំពេញ","","","11.5690731","104.922927","",""
"9143","Saen Sok Green Market","ផ្សារ​បៃតង​សែនសុខ​","Phnom Penh","ភ្នំពេញ","","","11.4768","104.9762","",""
"9144","Sereya Village Mart","ផ្សារភូមិសិរីយា","Phnom Penh","ភ្នំពេញ","","","11.6059797","104.9008551","",""
"9145","New Boeung Salang Market","ផ្សារបឹងសាឡាងថ្មី","Phnom Penh","ភ្នំពេញ","","","11.6022818","104.9093036","",""
"9146","Phsar Tapang Pteah Leik M'Pei (20)","ផ្សារតាប៉ាងផ្ទះលេខ 20","Phnom Penh","ភ្នំពេញ","","","11.5691983","104.9233348","",""
"9147","Lucky Supermarket","ផ្សារទំនើបឡាក់គី","Phnom Penh","ភ្នំពេញ","","","11.5711067","104.8540234","",""
"9148","Pothingean Market","","Phnom Penh","ភ្នំពេញ","","","11.5275328","104.8977968","",""
"9149","Chip Mong","","Phnom Penh","ភ្នំពេញ","","","11.5501888","104.921695","",""
"9150","Super Duper","","Phnom Penh","ភ្នំពេញ","","","11.55202","104.9250154","",""
"9151","Super Duper","","Phnom Penh","ភ្នំពេញ","","","11.5618653","104.9223352","",""
"9152","fruit market","","Phnom Penh","ភ្នំពេញ","","","11.557352","104.9013726","",""
"9153","MaxValu","","Phnom Penh","ភ្នំពេញ","","","11.556959","104.9256501","",""
"9154","Lucky","","Phnom Penh","ភ្នំពេញ","","","11.5729303","104.8744913","",""
"9155","乌雅西市场","ផ្សារអ៊ុយស៊ី","Phnom Penh","ភ្នំពេញ","","","11.5621391","104.8607562","",""
"9156","Kiwi","គីវី","Phnom Penh","ភ្នំពេញ","","","11.5684443","104.9232801","",""
"9157","Home Top","","Phnom Penh","ភ្នំពេញ","","","11.5442014","104.9157639","",""
"9158","Lucky","","Phnom Penh","ភ្នំពេញ","","","11.5585526","104.9097584","",""
"9159","Thai Huot Market","","Phnom Penh","ភ្នំពេញ","","","11.5453705","104.9248052","",""
"9160","Kim Mart","","Phnom Penh","ភ្នំពេញ","","","11.5516403","104.9247593","",""
"9161","Aeon Max Valu Express","","Phnom Penh","ភ្នំពេញ","","","11.5518312","104.9238175","",""
"9162","Tela mart","","Phnom Penh","ភ្នំពេញ","","","11.5500032","104.9057842","",""
"9163","Lucky Express","","Phnom Penh","ភ្នំពេញ","","","11.5371508","104.9612513","",""
"9164","Karot Market","ផ្សារការ៉ុត","Phnom Penh","ភ្នំពេញ","","","11.5326364","104.9531046","",""
"9165","Lucky","","Phnom Penh","ភ្នំពេញ","","","11.5614586","104.9122602","",""
"9166","Natural Garden PDT","","Phnom Penh","ភ្នំពេញ","","","11.5337367","104.9156506","",""
"9167","Kesko","","Phnom Penh","ភ្នំពេញ","","","11.5901138","104.9285451","",""
"9168","Lucky Express","","Phnom Penh","ភ្នំពេញ","","","11.5181413","104.916518","",""
"9169","Lucky's Express","ឡាក់គីអុិចប្រេស","Phnom Penh","ភ្នំពេញ","","","11.5978982","104.8772418","",""
"9170","Hea Seng","ហ៊ា​ សេង","Phnom Penh","ភ្នំពេញ","","","11.60245","104.9084","",""
"9171","Lucky","ឡាក់គី","Phnom Penh","ភ្នំពេញ","","","11.6097453","104.9172727","",""
"9172","Super Store","ស៊ុបពែស្តរ","Phnom Penh","ភ្នំពេញ","","","11.5437926","104.8726351","",""
"9173","Smile","","Phnom Penh","ភ្នំពេញ","","","11.5727637","104.9247522","",""
"9174","Sangkat Phsar Daeum Thkov","សង្កាត់ផ្សារដើមថ្កូវ","Phnom Penh","ភ្នំពេញ","","","11.5307758","104.9192416","",""
"9175","Aeon MaxValu","","Phnom Penh","ភ្នំពេញ","","","11.5763865","104.9113768","",""
"9176","ដេប៉ូ អុិន វិចិត្រ","ដេប៉ូ អុិន វិចិត្រ","Phnom Penh","ភ្នំពេញ","","","11.4413087","104.8586199","",""
"9177","ផ្សារទំនប់ថ្មី​ចំការដូង ផ្លូវ​371","","Phnom Penh","ភ្នំពេញ","","","11.5239065","104.8950913","",""
"9178","Lucky Express","","Phnom Penh","ភ្នំពេញ","","","11.5695705","104.9262124","",""
"9179","MaxValu","","Phnom Penh","ភ្នំពេញ","","","11.5765495","104.9111792","",""
"9180","ផ្សារ​សុភមង្គល​","ផ្សារ​សុភមង្គល​","Phnom Penh","ភ្នំពេញ","","","11.5018827","104.8289252","",""
"9181","Lucky Express","ឡាក់គីអ៊ិចប្រេស","Phnom Penh","ភ្នំពេញ","","","11.5448882","104.9000433","",""
"9182","Lucky Premium","ឡាក់គីព្រីម៏","Phnom Penh","ភ្នំពេញ","","","11.57373","104.9213737","",""
"9183","7-Eleven","","Phnom Penh","ភ្នំពេញ","","","11.6418595","104.9175943","",""
"9184","Lucky Express","","Phnom Penh","ភ្នំពេញ","","","11.5349444","104.9563696","",""
"9185","Kiwi Premium","","Phnom Penh","ភ្នំពេញ","","","11.5509711","104.9239384","",""
"9186","Asia Express","អាស៊ីអ៊ិចប្រេស","Phnom Penh","ភ្នំពេញ","","","11.5330025","104.9157022","",""
"9187","Karot Market","ផ្សារការ៉ុត","Phnom Penh","ភ្នំពេញ","","","11.641234","104.9178648","",""
"9188","Lucky Supermarket","","Phnom Penh","ភ្នំពេញ","","","11.4931523","104.9437506","",""
"9189","Lucky Express","ឡាក់គីអ៊ិចប្រេស","Phnom Penh","ភ្នំពេញ","","","11.6308027","104.8847971","",""
"9190","Lucky Express","","Phnom Penh","ភ្នំពេញ","","","11.5384384","104.910384","",""
"9191","Lucky Express","","Phnom Penh","ភ្នំពេញ","","","11.5312383","104.8346302","",""
"9192","Lucky Express (Chaom Chao 3)","","Phnom Penh","ភ្នំពេញ","","","11.5317719","104.8274465","",""
"9193","Bee Happy","","Phnom Penh","ភ្នំពេញ","","","11.4568934","104.9578985","",""
"9194","Jiffy","","Phnom Penh","ភ្នំពេញ","","","11.4567832","104.9580971","",""
"9195","Kiwi Premium","","Phnom Penh","ភ្នំពេញ","","","11.5352387","104.9140152","",""
"9196","Olympic","","Phnom Penh","ភ្នំពេញ","","","11.5360453","104.9153131","",""
"9197","Lucky Supermarket","","Phnom Penh","ភ្នំពេញ","","","11.5887674","104.9273795","",""
"9198","A&J Vape Shop","","Phnom Penh","ភ្នំពេញ","","","11.551834","104.9108539","",""
"9199","IN & OUT","","Phnom Penh","ភ្នំពេញ","","","11.5537918","104.9266273","",""
"9200","KM Supermarket","","Phnom Penh","ភ្នំពេញ","","","11.5533332","104.9251159","",""
"9201","Mr. Market","","Phnom Penh","ភ្នំពេញ","","","11.5220687","104.9600497","",""
"9202","Teasen","","Phnom Penh","ភ្នំពេញ","","","11.5300188","104.9579781","",""
"9203","Chip Mong Supermarket","","Phnom Penh","ភ្នំពេញ","","","11.5912192","104.874659","",""
"9204","Lantian Fresh Supermarket","","Phnom Penh","ភ្នំពេញ","","","11.5358494","104.9583041","",""
"9205","One and one mart","","Phnom Penh","ភ្នំពេញ","","","11.5367217","104.9106582","",""
"9206","Big C mart","","Phnom Penh","ភ្នំពេញ","","","11.4956433","104.9424484","",""
"9207","E Mart","","Phnom Penh","ភ្នំពេញ","","","11.5693982","104.9271747","",""
"9208","M9 mini mart","","Phnom Penh","ភ្នំពេញ","","","11.5766013","104.9256696","",""
"9209","Micro Mart","","Phnom Penh","ភ្នំពេញ","","","11.5802535","104.9200933","",""
"9210","គីមហរ","","Phnom Penh","ភ្នំពេញ","","","11.5467296","104.8597923","",""
"9211","Smile","","Phnom Penh","ភ្នំពេញ","","","11.5672147","104.9289764","",""
"9212","Circle K","","Phnom Penh","ភ្នំពេញ","","","11.5744239","104.9180193","",""
"9213","Madam VL","","Phnom Penh","ភ្នំពេញ","","","11.5002171","104.9346699","",""
"9214","Lucky Express","","Phnom Penh","ភ្នំពេញ","","","11.5054627","104.9272384","",""
"9215","Big C mini","","Phnom Penh","ភ្នំពេញ","","","11.5644599","104.927696","",""
"9216","Lucky Express Tuol Pongro","","Phnom Penh","ភ្នំពេញ","","","11.5114415","104.8589797","",""
"9217","Potential Department Store","","Phnom Penh","ភ្នំពេញ","","","11.5103763","104.8607708","",""
"9218","SALMON EMPIRE Toul Pongro","សាលម៉ុន អេមផាយអឺ សាខាទួលពង្រ","Phnom Penh","ភ្នំពេញ","","","11.5020816","104.8552285","",""
"9219","Borey Piphup Tmey National Road 3","បុរី​ ពិភពថ្មីផ្លូវជាតិលេខ ៣","Phnom Penh","ភ្នំពេញ","","","11.4995597","104.8189479","",""
"9220","G-Smart Tech-CCTV Security System","","Phnom Penh","ភ្នំពេញ","","","11.5007943","104.8235728","",""
"9221","Kambol Rainbow Night Market","","Phnom Penh","ភ្នំពេញ","","","11.4922082","104.806479","",""
"9222","Phsar Dek (Street 88)","វិថី ផ្សារដែក (៨៨)","Phnom Penh","ភ្នំពេញ","","","11.5790813","104.9223078","",""
"9223","Phsar Reatrey Night Market","ផ្សារ​រាត្រី","Phnom Penh","ភ្នំពេញ","","","11.5740501","104.9272481","",""
"9224","Phsar Moan Ang","ផ្សារមាន់អាំង","Phnom Penh","ភ្នំពេញ","","","11.5748132","104.8914691","",""
"9225","Phsar Deoum Kor","ផ្សារដើមគរ","Phnom Penh","ភ្នំពេញ","","","11.5538646","104.9029563","",""
"9226","Phsar Toul Kork","ផ្សារ​ទួលគោក","Phnom Penh","ភ្នំពេញ","","","11.5755413","104.897051","",""
"9227","Phsar Neak Meas","ផ្សារនាគមាស","Phnom Penh","ភ្នំពេញ","","","11.5569899","104.9031806","",""
"9228","Phsar Samaki","ផ្សារសាមគ្គី","Phnom Penh","ភ្នំពេញ","","","11.5681853","104.9011609","",""
"9229","Phsar Deum Thkov High School","វិទ្យាល័យ​ផ្សារដើមថ្កូវ","Phnom Penh","ភ្នំពេញ","","","11.5330185","104.9148992","",""
"9230","Phsar Pochentong","ផ្សារ​ពោធិ៍ចិនតុង","Phnom Penh","ភ្នំពេញ","","","11.563377","104.8574809","",""
"9231","Phsar Chom Chao","","Phnom Penh","ភ្នំពេញ","","","11.5008226","104.8309184","",""
"9232","Phsar Thom Toul Sangke","ផ្សារធំ​ទួលសង្កែ","Phnom Penh","ភ្នំពេញ","","","11.591587","104.9083107","",""
"9233","Phsar Chom Chao","ផ្សារចោមចៅ","Phnom Penh","ភ្នំពេញ","","","11.5335308","104.8308028","",""
"9234","Phsar Kandal","ផ្សារកណ្ដាល","Phnom Penh","ភ្នំពេញ","","","11.5694514","104.928752","",""
"9235","Phsar Tuek L'ak","ផ្សារ​ទឹកល្អក់","Phnom Penh","ភ្នំពេញ","","","11.5619492","104.8797938","",""
"9236","Phsar Prek Phnov","ផ្សារ​ព្រែកព្នៅ","Phnom Penh","ភ្នំពេញ","","","11.6597705","104.8598803","",""
"9237","Cambodia Securities Exchange","ផ្សារមូលបត្រ​កម្ពុជា","Phnom Penh","ភ្នំពេញ","","","11.5743122","104.9248413","",""
"9238","Phsar Kapko","ផ្សារកាប់គោ","Phnom Penh","ភ្នំពេញ","","","11.5549801","104.9320697","",""
"9239","Phsar Heng Ly","ផ្សារហេងលី","Phnom Penh","ភ្នំពេញ","","","11.5588788","104.8890087","",""
"9240","Phsar Chbar Ampov","ផ្សារ​ច្បារ​អំពៅ","Phnom Penh","ភ្នំពេញ","","","11.5325864","104.9353751","",""
"9241","Phsar Stung Mean Chey","ផ្សារស្ទឹងមានជ័យ","Phnom Penh","ភ្នំពេញ","","","11.5445617","104.8942373","",""
"9242","Phsar Dek (Street 88)","វិថី ផ្សារដែក (៨៨)","Phnom Penh","ភ្នំពេញ","","","11.5780156","104.9185116","",""
"9243","Phsar Sola","ផ្សារ​សឡា","Phnom Penh","ភ្នំពេញ","","","11.546953","104.8872872","",""
"9244","Phsar Canadia","ផ្សារកាណាឌីយ៉ា","Phnom Penh","ភ្នំពេញ","","","11.5322108","104.8649439","",""
"9245","Phsar Ekreach III","ផ្សារឯករាជ្យ ៣","Phnom Penh","ភ្នំពេញ","","","11.5326474","104.8771111","",""
"9246","Phsar Trapeang Thleng","ផ្សារត្រពាំងថ្លឹង","Phnom Penh","ភ្នំពេញ","","","11.5301937","104.853496","",""
"9247","Phsar Chak Angrae","ផ្សារចាក់អង្រែ","Phnom Penh","ភ្នំពេញ","","","11.5100676","104.932428","",""
"9248","Phsar Boeung Keng Kang","ផ្សារបឹងកេងកង","Phnom Penh","ភ្នំពេញ","","","11.5466899","104.9254632","",""
"9249","Phsar Toul Tom Poung","ផ្សារទួលទំពូង","Phnom Penh","ភ្នំពេញ","","","11.5405168","104.9147008","",""
"9250","Phsar Chas","ផ្សារចាស់","Phnom Penh","ភ្នំពេញ","","","11.5732595","104.9264929","",""
"9251","Tomnop Market","ផ្សារ​ទំនប់","Phnom Penh","ភ្នំពេញ","","","11.5907822","104.898016","",""
"9252","Phsar Ekreach I","ផ្សារឯករាជ្យ ១","Phnom Penh","ភ្នំពេញ","","","11.5310591","104.8644947","",""
"9253","Phsar Depot","ផ្សារដេប៉ូ","Phnom Penh","ភ្នំពេញ","","","11.5638244","104.9066068","",""
"9254","Sorya Mall","ផ្សារទំនើប​សុរិយា","Phnom Penh","ភ្នំពេញ","","","11.5676343","104.9208895","",""
"9255","Sovanna Shopping Center (shut down)","ផ្សារទំនើប​សុវណ្ណា","Phnom Penh","ភ្នំពេញ","","","11.5458161","104.90133","",""
"9256","Phsar Louy 5","ផ្សារលូប្រាំ","Phnom Penh","ភ្នំពេញ","","","11.5343323","104.8791992","",""
"9257","Boeung Trabek Plaza","ផ្សារ​បឹងត្របែក​ផ្លាហ្សា","Phnom Penh","ភ្នំពេញ","","","11.5385669","104.9206347","",""
"9258","Phsar Samnang 12","ផ្សារ​​សំណង់១២","Phnom Penh","ភ្នំពេញ","","","11.5567509","104.8930166","",""
"9259","Phsar Ta Khmao","ផ្សារតាខ្មៅ","Phnom Penh","ភ្នំពេញ","","","11.4833457","104.9453166","",""
"9260","City Mall Shopping Center","ផ្សារទំនើប ស៊ីធីម៉ល","Phnom Penh","ភ្នំពេញ","","","11.5581482","104.9096114","",""
"9261","New Steung Meanchey Market","ផ្សារស្ទឹងមានជ័យថ្មី","Phnom Penh","ភ្នំពេញ","","","11.5370576","104.8864718","",""
"9262","Phsar Borey Tuek L'ak","ផ្សារ​បូរីទឹកថ្លា","Phnom Penh","ភ្នំពេញ","","","11.5648797","104.8737398","",""
"9263","Ta Khmao Phsar Thmei","ផ្សារថ្មី​តាខ្មៅ","Phnom Penh","ភ្នំពេញ","","","11.4884505","104.9426623","",""
"9264","Phsar Toch","ផ្សារតូច","Phnom Penh","ភ្នំពេញ","","","11.5876784","104.9144692","",""
"9265","Phsar Dek (Street 88)","វិថី ផ្សារដែក (៨៨)","Phnom Penh","ភ្នំពេញ","","","11.5784411","104.9214121","",""
"9266","Phsar Prey Tea","ផ្សារព្រៃទា","Phnom Penh","ភ្នំពេញ","","","11.5490653","104.8295446","",""
"9267","Phsar PC","ផ្សារប៉េសេ","Phnom Penh","ភ្នំពេញ","","","11.5199217","104.9166195","",""
"9268","Phsar Tuol Ampil","ផ្សារ​ទួលអំពិល","Phnom Penh","ភ្នំពេញ","","","11.5499384","104.9128816","",""
"9269","Phsar O Bei Kahorm","ផ្សារ​​អូរបែកក្អម","Phnom Penh","ភ្នំពេញ","","","11.5528317","104.8872531","",""
"9270","Phsar Dey Hoy","ផ្សារ​ដីហុយ","Phnom Penh","ភ្នំពេញ","","","11.571697","104.8712738","",""
"9271","Phsar Chhouk Meas","ផ្សារ​ឈូកមាស","Phnom Penh","ភ្នំពេញ","","","11.5753131","104.8528943","",""
"9272","Phsar Dumex","ផ្សារ​ឌុយម៉ិច","Phnom Penh","ភ្នំពេញ","","","11.5681473","104.9157067","",""
"9273","Phsar Sereipheap","ផ្សារ​សេរីភាព","Phnom Penh","ភ្នំពេញ","","","11.5667619","104.9154267","",""
"9274","Phsar Kilo 4","ផ្សារ​គីឡូលេខ៤","Phnom Penh","ភ្នំពេញ","","","11.5654599","104.8971288","",""
"9275","Borey Keila New Store","ស្តង់​បុរីកីឡាថ្មី","Phnom Penh","ភ្នំពេញ","","","11.563397","104.9099123","",""
"9276","Phsar Trapeang Chhuk","ផ្សារ​ត្រពាំងឈូក","Phnom Penh","ភ្នំពេញ","","","11.5631287","104.888605","",""
"9277","Trapeang Pring Market","ផ្សារត្រពាំងព្រីង","Phnom Penh","ភ្នំពេញ","","","11.6595098","104.7807395","",""
"9278","Chab Market","ផ្សារចាប","Phnom Penh","ភ្នំពេញ","","","11.4966709","104.8989155","",""
"9279","Phsar Tapang Thmey Pharmacy","ឱសថស្ថាន ផ្សារតាប៉ាងថ្មី","Phnom Penh","ភ្នំពេញ","","","11.5690964","104.9231736","",""
"9280","New Preaek Pnov Market","ផ្សារថ្មី ព្រែកព្នៅ","Phnom Penh","ភ្នំពេញ","","","11.6559326","104.860945","",""
"9281","Kach Chrung Market","ផ្សារកាចជ្រុង","Phnom Penh","ភ្នំពេញ","","","11.4700216","104.9520945","",""
"9282","Phsar","","Phnom Penh","ភ្នំពេញ","","","11.5790435","104.9327013","",""
"9283","Phsar Dek (Street 88)","វិថី ផ្សារដែក (៨៨)","Phnom Penh","ភ្នំពេញ","","","11.5782652","104.9202256","",""
"9284","Art's Container","","Phnom Penh","ភ្នំពេញ","","","11.5803762","104.9109981","",""
"9285","Chrang Chamreh Market","ផ្សារច្រាំងចំរេះ","Phnom Penh","ភ្នំពេញ","","","11.6321535","104.8984097","",""
"9286","Chey Chumneah Market","ផ្សារជ័យជំនះ","Phnom Penh","ភ្នំពេញ","","","11.5916504","104.8973589","",""
"9287","Doeum Thkov Roundabout","រង្វង់មូល​ផ្សារដើមថ្កូវ","Phnom Penh","ភ្នំពេញ","","","11.5324289","104.9142706","",""
"9288","DIFA International Decoration & Building Materials Market","ផ្សារឌីហ្វាលក់សំភារៈសំណង់ និងសំភារៈតុបតែងអន្តរជាតិ","Phnom Penh","ភ្នំពេញ","","","11.5342656","104.9534539","",""
"9289","Phsar Silep","","Phnom Penh","ភ្នំពេញ","","","11.5580734","104.9228875","",""
"9290","Global House Cambodia","គ្លូប៊លហៅស៍ (ខេមបូឌា)","Phnom Penh","ភ្នំពេញ","","","11.5958897","104.8766058","",""
"9291","Lucky","ផ្សារទំនើប ឡាក់គី","Phnom Penh","ភ្នំពេញ","","","11.4798216","104.9454731","",""
"9292","Tang Krosang Market","ផ្សារតាំងក្រសាំង","Phnom Penh","ភ្នំពេញ","","","11.5619351","104.8412221","",""
"9293","Phsar Plaecher","ផ្សារផ្លែឈើ","Phnom Penh","ភ្នំពេញ","","","11.5563135","104.9032568","",""
"9294","Lucky Express (Boeung Trabeak)","","Phnom Penh","ភ្នំពេញ","","","11.5416085","104.9218338","",""
"9295","Borey New World Chhuk Va 2 Market","ផ្សារបុរីពិភពថ្មីឈូកវ៉ា២","Phnom Penh","ភ្នំពេញ","","","11.5733859","104.8170579","",""
"9296","Borey New World Chhuk Va 2 Market","ផ្សារបុរីពិភពថ្មីឈូកវ៉ា២","Phnom Penh","ភ្នំពេញ","","","11.5732199","104.8161942","",""
"9297","Phsar Boeung Salang Thmei","ផ្សារបឹងសាឡាងថ្មី","Phnom Penh","ភ្នំពេញ","","","11.6022743","104.9092578","",""
"9298","FairPlus Supermarket","","Phnom Penh","ភ្នំពេញ","","","11.543096","104.894322","",""
"9299","FairPlus Supermarket","","Phnom Penh","ភ្នំពេញ","","","11.5672373","104.8712781","",""
"9300","Phsar Orussey","ផ្សារ​អូរឫស្សី","Phnom Penh","ភ្នំពេញ","","","11.5633156","104.9162113","",""
"9301","Live Animal Market","","Phnom Penh","ភ្នំពេញ","","","11.5640837","104.9163827","",""
"9302","Beltei International School 21 (Chhuk Meas Market Campus)","សាលាប៊ែលធីអន្តរជាតិ ទី២១ (សាខាផ្សារឈូកមាស)","Phnom Penh","ភ្នំពេញ","","","11.571972","104.8532683","",""
"9303","Lucky Express","","Phnom Penh","ភ្នំពេញ","","","11.5291305","104.9428687","",""
"9304","Phsar Rong Roeung","ផ្សារបុរីរុងរឿង","Phnom Penh","ភ្នំពេញ","","","11.6240677","104.923188","",""
"9305","New Hope Market","ផ្សារសង្ឃឹមថ្មី","Phnom Penh","ភ្នំពេញ","","","11.5354251","104.7615274","",""
"9306","New World Market (Kambol I)","ផ្សារពិភពថ្មី (កំបូល ១)","Phnom Penh","ភ្នំពេញ","","","11.5182381","104.7761603","",""
"9307","Ekareach Market II","ផ្សារឯករាជ្យ ២","Phnom Penh","ភ្នំពេញ","","","11.5385127","104.8205397","",""
"9308","Odem New Town Market","ផ្សារ ញូវថោន អូដឹម","Phnom Penh","ភ្នំពេញ","","","11.5249501","104.7972805","",""
"9309","Romdul Market","","Phnom Penh","ភ្នំពេញ","","","11.5579421","104.7764332","",""
"9310","Asia Supermarket","","Phnom Penh","ភ្នំពេញ","","","11.5323464","104.9528562","",""
"9311","Sambo Market","","Phnom Penh","ភ្នំពេញ","","","11.5323126","104.9524245","",""
"9312","Thai Huot Market - Boeung Snor","","Phnom Penh","ភ្នំពេញ","","","11.5323138","104.9494027","",""
"9313","TTH Mart","","Phnom Penh","ភ្នំពេញ","","","11.5322227","104.9500162","",""
"9314","Ratana Plaza","ផ្សារ​រតនា​ផ្លាហ្សា","Phnom Penh","ភ្នំពេញ","","","11.5617325","104.8722666","",""
"9315","ផ្សារហនុមាន","ផ្សារហនុមាន","Phnom Penh","ភ្នំពេញ","","","11.5689382","104.9571797","",""
"9316","Khmer StrEAT Night Market","ផ្សាររាត្រីកោះនរា","Phnom Penh","ភ្នំពេញ","","","11.5472572","104.956057","",""
"9317","Chamkadoung Market","","Phnom Penh","ភ្នំពេញ","","","11.5090455","104.8890091","",""
"9318","Borey Piphup Tmey National Road #3","បុរី​ ពិភពថ្មីផ្លូវជាតិលេខ ៣","Phnom Penh","ភ្នំពេញ","","","11.4995393","104.8201212","",""
"9319","Borey Piphub Thmey National Road 3","បុរី ពិភពថ្មីផ្លូវជាតិលេខ ៣","Phnom Penh","ភ្នំពេញ","","","11.4995964","104.8212401","",""
"9320","Phum Ahha Night Market (closed)","","Phnom Penh","ភ្នំពេញ","","","11.6055439","104.9177398","",""
"9321","Borey Sunny Project C","","Phnom Penh","ភ្នំពេញ","","","11.4904357","104.8424223","",""
"9322","Borey Sunny Project U","","Phnom Penh","ភ្នំពេញ","","","11.4897149","104.8415021","",""
"9323","បុរីមរកតSH ទួលពង្រ2","បុរីមរកតSH ទួលពង្រ2","Phnom Penh","ភ្នំពេញ","","","11.5016341","104.8405369","",""
"9324","Borey HL","បុរី អេច អិល","Phnom Penh","ភ្នំពេញ","","","11.5031828","104.8588146","",""
"9325","Borey Phnom Penh Sok San (The Sok San Park)","បុរី ភ្នំពេញសុខសាន្ត","Phnom Penh","ភ្នំពេញ","","","11.5058098","104.8579256","",""
"9326","TH Residence Dangkoa I","ធី អេច រ៉េស៊ីឌែន ដង្កោទី១","Phnom Penh","ភ្នំពេញ","","","11.5075226","104.8582205","",""
"9327","Borey Chipmong 50M","","Phnom Penh","ភ្នំពេញ","","","11.4993614","104.8769806","",""
"9328","Borey Phnom Penh Sok San (The Sok San Town)","បុរី​ភ្នំពេញសុខសាន្ត","Phnom Penh","ភ្នំពេញ","","","11.499187","104.8757834","",""
"9329","Piphup Thmey Kour Srov 2","បុរីពិភពថ្មីគួរស្រូវ២","Phnom Penh","ភ្នំពេញ","","","11.4381803","104.8936812","",""
"9330","Borey Sunny Q","បុរី សាន់និ ឃ្យូ","Phnom Penh","ភ្នំពេញ","","","11.4914958","104.8429614","",""
"9331","Borey Phnom Penh Sok San 7","","Phnom Penh","ភ្នំពេញ","","","11.5064412","104.859527","",""
"9332","Banteay Chey Market","","","","","","13.3188037","103.8510317","",""
"9333","Phsar","","","","","","12.3804417","104.4836831","",""
"9334","Phsar Prom","ផ្សារព្រំ","","","","","12.9287496","102.4975002","",""
"9335","Metapheap Mart","","","","","","10.607402","104.1828959","",""
"9336","Chhuk Market","ផ្សារឈូក","","","","","10.8360665","104.4566127","",""
"9337","Old Market","","","","","","12.715653","104.8838456","",""
"9338","Angkor Market","ផ្សារអង្គរ","","","","","13.3611292","103.8551957","",""
"9339","Samudera","","","","","","10.621464","103.5272015","",""
"9340","Brother Mart","","","","","","11.6090685","102.9794549","",""
"9341","N's BASE","អេនបាស","","","","","13.3541489","103.8539391","",""
"9342","Kampong Thmar Market","","","","","","12.4997051","105.1265413","",""
"9343","Pun Pun Mart","","","","","","11.6117709","102.9827922","",""
"9344","TN Mart","","","","","","11.6083645","102.9806739","",""
"9345","Chao Sang Hok","ឆាវ សាំងហុក","","","","","13.3602946","103.8636477","",""
"9346","Spider Market","","","","","","12.0522538","105.044596","",""
"9347","Fair Plus","","","","","","10.6089519","104.1839606","",""
"9348","Thai Huot Market","ផ្សារថៃហួត","","","","","13.357728","103.8575243","",""
"9349","Golden Star Mart","","","","","","10.6077448","103.5231557","",""
"9350","The One Mart & Coffee","ឌឹវ័នម៉ាតនិងកាហ្វេ","","","","","13.353645","103.851507","",""
"9351","Cheung Teuk Market","","","","","","11.5014845","105.3245957","",""
"9352","Huy leng phnom srok market","","","","","","13.744008","103.3387652","",""
"9353","Asia Market","ទីផ្សារអាស៊ី","","","","","13.3576043","103.8538781","",""
"9354","Kro Bey Wet Market","","","","","","13.3739087","103.7890459","",""
"9355","Krobey Real Market","","","","","","13.3672414","103.7875434","",""
"9356","Heng Chhay Ly Mart","ហេង ឆាយ លី","","","","","13.1055223","103.1996006","",""
"9357","Angkor Mini Mart","អង្គរមីនីម៉ាត","","","","","13.3556337","103.8536552","",""
"9358","Trapeang Andaeuk Market","ផ្សារត្រពាំងអណ្ដើក","","","","","11.0757605","104.4970475","",""
"9359","Phsar Pong Teuk","","","","","","10.5336774","104.3830048","",""
"9360","China Wanda Supermarket","","","","","","10.625243","103.5166266","",""
"9361","7 days shopping","","","","","","10.6230701","103.5249799","",""
"9362","ផ្សារត្រពាំងរពៅ","ផ្សារត្រពាំងរពៅ","","","","","10.6140071","103.9294893","",""
"9363","Svay Prey Market","ផ្សារស្វាយព្រៃ","","","","","11.0708381","104.7597525","",""
"9364","Phum Phsar Trach","ភូមិផ្សារត្រាច","","","","","11.8463073","104.7215547","",""
"9365","Psar thom meanchey market","","","","","","13.5898527","102.9708113","",""
"9366","Ang Metrey Market","","","","","","11.435323","104.6550929","",""
"9367","Market","","","","","","12.8600731","102.6044266","",""
"9368","ThamKah Market","ផ្សារត្រាំខ្នារ","","","","","11.2897725","104.708422","",""
"9369","Roundabout Veal Youn Market","រង្វង់​មូល​បេនឡាន​ ផ្សារ​វាលយន្ត","","","","","11.0823225","105.7968983","",""
"9370","Phsar Khmer (Khmer Market)","","","","","","13.0865939","102.453868","",""
"9371","Phum Phsar Kandal","ភូមិផ្សារកណ្ដាល","","","","","13.6437115","102.5928622","",""
"9372","Sangkat Phsar Kandal","សង្កាត់ផ្សារកណ្ដាល","","","","","13.6424227","102.5854871","",""
"9373","Marketplace","","","","","","13.7661259","105.4063276","",""
"9374","Marketplace","","","","","","13.4921993","105.0238438","",""
"9375","Small market","","","","","","13.1879756","105.0406454","",""
"9376","Marketplace","","","","","","12.7939587","104.7888576","",""
"9377","Marketplace","","","","","","13.0372815","104.5132709","",""
"9378","Indigenous People's Market","","","","","","12.458075","107.1842456","",""
"9379","Kampong Chrey Thmey Market","ផ្សារកំពង់ជ្រៃថ្មី","","","","","10.788171","104.8220162","",""
"9380","Night Market","ផ្សាររាត្រី","","","","","11.823594","104.7611004","",""
"9381","Night Market","ផ្សាររាត្រី","","","","","12.2383254","104.6698896","",""
"9382","Wat Tamim Market","ផ្សារវត្តតាមិម","","","","","13.0662342","103.2067535","",""
"9383","ផ្សារអង្គស្នួល","ផ្សារអង្គស្នួល","","","","","11.5076412","104.7150152","",""
"9384","ផ្សារបែកចាន","ផ្សារបែកចាន","","","","","11.510504","104.7475266","",""
"9385","Tangkrosang Market","","","","","","12.5608461","105.0483654","",""
"9386","Sre Ambel Market","ផ្សារស្រុកស្រែអំបិល","","","","","11.1216244","103.747933","",""
"9387","Temple Mini Mart","ផ្សារតូចរបស់ប្រាសាទ","","","","","13.3546677","103.8501592","",""
"9388","Clothes Market","ផ្សារសំលៀកបំពាក់","","","","","13.3594711","103.8507644","",""
"9389","Phsar Kroum","","","","","","12.2653695","104.678265","",""
"9390","Chao Sang Hok","","","","","","13.358886","103.8508744","",""
"9391","Smile Mart","","","","","","13.3558762","103.859821","",""
"9392","Borey Sengnam Market","ផ្សារ បុរីសៀងណាំ","","","","","13.3485942","103.888023","",""
"9393","Prey Tor Toeng Market","ផ្សារព្រៃទទឹង","","","","","12.0583761","105.2578328","",""
"9394","GBS","","","","","","13.3581675","103.860472","",""
"9395","Kwaeng Market","ផ្សារខ្វែង","","","","","13.0628102","103.2042953","",""
"9396","Slor Kram Market","ផ្សារស្លក្រាម","","","","","13.0366563","103.2012818","",""
"9397","Heng Chhay Ly","","","","","","13.1052804","103.199853","",""
"9398","Micro Mart","","","","","","12.7906196","104.8194085","",""
"9399","SVM Petroleum","","","","","","13.000857","104.5637814","",""
"9400","Sok San Mini Market","","","","","","10.6100386","104.1813012","",""
"9401","Dak Dam Market","","","","","","12.4269861","107.3088374","",""
"9402","All day Mini mart","អលដេមីនីម៉ាត","","","","","13.3616303","103.8533707","",""
"9403","តា ចិនថ្មី","","","","","","13.7027138","104.0412357","",""
"9404","Angtadom Market","ផ្សារអង់តាដោម","","","","","11.0131348","104.6736322","",""
"9405","Milano Mart","","","","","","10.6080903","104.1800186","",""
"9406","Darawin Mart","","","","","","10.6080333","104.1800249","",""
"9407","Pramoay Market","","","","","","12.3086178","103.0956219","",""
"9408","River Mart","","","","","","10.61281","104.1766661","",""
"9409","Thma Koul Market","ផ្សារ​ថ្មគោល​","","","","","13.2624408","103.0881413","",""
"9410","Mak Pisey Mart","","","","","","10.4854054","104.3204833","",""
"9411","Panha Mart","","","","","","10.5707489","103.5573514","",""
"9412","Trapaing Chorng Market","ផ្សារ​ត្រពាំង​ជង","","","","","12.5999838","103.7914557","",""
"9413","ផ្សារក្រាំងចេក","ផ្សារក្រាំងចេក","","","","","11.5828851","104.5319456","",""
"9414","Tela Mart","","","","","","12.4949031","106.0171055","",""
"9415","Night Market","","","","","","12.4581885","107.1840126","",""
"9416","Local Market","","","","","","14.2393637","104.7314269","",""
"9417","Aksor Te Market","ផ្សារ​អប្សរ​តេ","","","","","12.6473804","103.0461033","",""
"9418","Phum Prey Thom Market","ផ្សារ​ភូមិ​អូរធំ","","","","","12.5780623","103.0062245","",""
"9419","Night Market Souvenirs","ផ្សាររាត្រីវត្ថុអនុស្សាវរីយ៍","","","","","13.3555443","103.8518601","",""
"9420","marché","","","","","","14.0664462","103.1042029","",""
"9421","Traeng Market (Phsar Phcheav)","ផ្សារ​ត្រែង​ (ផ្សារ​ភ្ជាវ)​","","","","","12.833496","102.89444","",""
"9422","Siem Reap Plaza Market","ផ្សារសៀមរាបផ្លាហ្សា","","","","","13.3544567","103.8535452","",""
"9423","Vanthy Mart","វ៉ាន់ធី ម៉ាត","","","","","13.3618896","103.8508546","",""
"9424","Full moon night market","ផ្សាររាត្រីព្រះច័ន្ទ","","","","","13.3626067","103.8557597","",""
"9425","Chinese","","","","","","13.3615152","103.8552159","",""
"9426","Night market","ផ្សារ​រាត្រី","","","","","13.3554595","103.8519921","",""
"9427","Phalla Ankor Night Market 5","ផ្សាររាត្រីផល្លាអង្គរ5","","","","","13.3555071","103.851982","",""
"9428","Sokimex","","","","","","13.3611755","103.8607119","",""
"9429","Kurita mini mart","មីនីម៉ាត ការីតា","","","","","13.375486","103.8393256","",""
"9430","Tela mart","","","","","","13.3604987","103.8659981","",""
"9431","Duty free","គ្មានកាតព្វកិច្ច","","","","","13.3738636","103.8379624","",""
"9432","Indian mart","ម៉ាតឥណ្ឌា","","","","","13.3573256","103.8550124","",""
"9433","Kiosk","","","","","","13.0134453","103.1036476","",""
"9434","Sok Kheng Drink Shop","","","","","","13.0979233","103.1980757","",""
"9435","Kiosk","","","","","","13.0282699","103.0992808","",""
"9436","Kiosk","","","","","","13.0721708","102.9841784","",""
"9437","Kiosk","","","","","","13.0717022","102.9847096","",""
"9438","Kiosk","","","","","","13.0285811","103.0980939","",""
"9439","Kiosk","","","","","","13.0712004","102.9850154","",""
"9440","Market place","","","","","","13.019539","103.1607725","",""
"9441","Soeu Market","ផ្សារ​សឿ​","","","","","13.393471","102.9303477","",""
"9442","Night Market","ផ្សារ​រាត្រី","","","","","13.3543859","103.8515772","",""
"9443","Lucky Supermarket","","","","","","13.1070263","103.1967435","",""
"9444","Noko Reach Minimart","","","","","","13.3543945","103.8588625","",""
"9445","Srae Nouy Market","ផ្សារ ស្រែណូយ","","","","","13.8029023","104.0308695","",""
"9446","Aramaru","អារាម៉ារួ","","","","","13.3702698","103.8435273","",""
"9447","Kim Mart","គីមម៉ាត","","","","","13.3698273","103.8446446","",""
"9448","Angkor Duty Free Store","ផ្សាររួចពន្ធ អង្គរ","","","","","13.3611946","103.8619907","",""
"9449","Nhae Market","ផ្សារ​ញ៉ែ​","","","","","13.3594","103.8508","",""
"9450","7Elephants","","","","","","12.4502459","107.1995343","",""
"9451","Night Mini Mart","","","","","","13.3549147","103.8494365","",""
"9452","Mini Mart","","","","","","12.5310418","103.9231247","",""
"9453","Setra Supermarket","","","","","","13.740322","106.9912543","",""
"9454","ផ្សារស្រែអំបិល","ផ្សារស្រែអំបិល","","","","","11.1226138","103.7388405","",""
"9455","Lucky","","","","","","14.2321885","104.082308","",""
"9456","Sankor Market","","","","","","12.8091688","104.7387211","",""
"9457","Chor Market","ជោរ (ផ្សារ)","","","","","11.5773176","105.6635229","",""
"9458","Kamchaymear Market","កំចាយមារ (ផ្សារ)","","","","","11.6174342","105.6874396","",""
"9459","Tean Phlerng Market","ទៀនភ្លើង (ផ្សា)","","","","","11.5541054","105.6234847","",""
"9460","Khema Salon","ខេម៉ាសាឡន","","","","","11.5582933","105.6321894","",""
"9461","Svay Ah Gnuon Market","ស្វាយអាងួន (ផ្សា)","","","","","10.9608362","105.5564825","",""
"9462","Setra","","","","","","12.4588113","107.1866727","",""
"9463","Tela","","","","","","13.3576235","103.8905689","",""
"9464","DailyMeat","","","","","","10.6088994","104.1799138","",""
"9465","Big C Supermarket Poipet","","","","","","13.6721125","102.5587006","",""
"9466","Pursat Supermarket","ផ្សារ​ទំនើបពោធិ៍សាត់","","","","","12.5366432","103.9200346","",""
"9467","Thanu Men Fashion","ថានូ","","","","","13.3620175","103.852526","",""
"9468","CE EXPRESS ភ្នាក់ងារ ផ្សារបែកអន្លូង","CE EXPRESS Anlong Market Agent","","","","","12.3624102","105.587227","",""
"9469","ផ្សារបែកអន្លូង លក់បាយ","Bek Anlong Rice Market","","","","","12.3640096","105.586728","",""
"9470","The3 Mihel–មីហឹរ ៧ យ៉ាង ""Halal"" ផ្សារបែកអន្លូង","The3 Mihel– 7 kinds of spicy ""Halal"" Phsar Bek Anlong","","","","","12.3641909","105.587304","",""
"9471","សុខឃឿនផ្សារបែកអន្លូង","Sok Khoeun Phsar Bek Anlong","","","","","12.3641051","105.5879034","",""
"9472","Local supermarket","","","","","","13.6206682","104.4294039","",""
"9473","Asia Market","","","","","","13.3574076","103.8539671","",""
"9474","Market","","","","","","11.0422886","103.795491","",""
"9475","Weekly market","","","","","","13.3636709","103.8604053","",""
"9476","7Eleven","","","","","","11.6170992","102.9841856","",""
"9477","Night market?","","","","","","13.0945167","103.1952845","",""
"9478","Huge Market","","","","","","13.346923","103.8488858","",""
"9479","西港万达","","","","","","10.610586","103.5204936","",""
"9480","Mum's Supermarket","","","","","","11.039486","103.6830641","",""
"9481","Angkor Market II","","","","","","13.3658186","103.8608315","",""
"9482","FairPlus","","","","","","10.6257549","103.5219255","",""
"9483","Icon Supermarket","","","","","","10.6333805","103.5097299","",""
"9484","Foody KPS","","","","","","10.6221211","103.5389519","",""
"9485","U Mart","","","","","","10.6117809","103.5161358","",""
"9486","Happy Everyone","","","","","","10.6064571","103.5243126","",""
"9487","An Ses Marketplace","","","","","","14.3885095","104.9652331","",""
"9488","វត្តគោកត្រប់ខាងកើតផ្សារសំរោងយោង","វត្តគោកត្រប់ខាងកើតផ្សារសំរោងយោង","","","","","11.3269909","104.8780006","",""
"9489","Damnak Supermarket","","","","","","13.3521551","103.8582655","",""
"9490","ផសារ","ផសារ","","","","","13.0548099","103.2637896","",""
"9491","រៀនភាសារុស្ស៊ី","រៀនភាសារុស្ស៊ី","","","","","13.531396","105.992254","",""
"9492","Fresh Shop","","","","","","13.1019336","103.1994086","",""
"9493","big supermarket","","","","","","10.6199716","103.5435544","",""
"9494","Big supermarket","","","","","","10.6214774","103.539883","",""
"9495","Phsar Leu Thom Thmei Market","ផ្សារលើធំថ្មី","","","","","13.3596846","103.8745706","",""
"9496","Phsar Nat","ផ្សាណាត់","","","","","13.1021202","103.1984832","",""
"9497","Stung Treng Market","ផ្សារស្ទឹងត្រែង","","","","","13.5301666","105.9719057","",""
"9498","Phsar Leur Market","ផ្សារលើ","","","","","10.6157665","104.1808733","",""
"9499","Phsar Boeung Kok","","","","","","11.9972835","105.4622121","",""
"9500","Phsar Thmei","","","","","","10.9808868","104.7789632","",""
"9501","Phsar 7 Makara","","","","","","11.9766865","105.4589603","",""
"9502","Ph'av Market","ផ្សារឃុំផ្អាវ","","","","","12.0286809","104.9645094","",""
"9503","Samaki Market","ផ្សារសាមគ្គី","","","","","13.3619057","103.8682962","",""
"9504","Chợ Tha Mau Frontier","","","","","","10.7344141","105.0941517","",""
"9505","New  Market","","","","","","12.77479","103.4462829","",""
"9506","Moung Roessei Market","","","","","","12.7719729","103.4472789","",""
"9507","Market","","","","","","12.6421545","103.3935671","",""
"9508","Market","","","","","","12.8053319","103.4606076","",""
"9509","Night Market","ផ្សារ​រាត្រី","","","","","13.3523521","103.8548772","",""
"9510","Pursat Market","ផ្សារថ្មីពោធិ៍សាត់","","","","","12.5386695","103.9195594","",""
"9511","Phsar Prey Samdex","","","","","","11.8458513","105.3730412","",""
"9512","Puok Market","","","","","","13.442307","103.7288133","",""
"9513","Phsar Boeung Chhouk","","","","","","13.1049779","103.1950135","",""
"9514","Phsar Street 60","","","","","","13.3755978","103.8874981","",""
"9515","Veal Youn Market","","","","","","11.08228","105.7962325","",""
"9516","Psar Chomka Kor (Psar Thmey)","","","","","","13.6024302","102.9678074","",""
"9517","Phsar Veal Renh","","","","","","10.7046124","103.8151892","",""
"9518","Angkor Market III","ឡាក់គី","","","","","13.3621668","103.8552657","",""
"9519","Sihanoukville Trade Center","មជ្ឈមណ្ឌល​ពាណិជ្ជកម្ម ក្រុងព្រះសីហនុ","","","","","10.6230457","103.5320743","",""
"9520","Phsar","","","","","","13.7363253","106.9875333","",""
"9521","Market","","","","","","12.0237421","105.4142901","",""
"9522","Bek Anlong Market (Sen Monorom Market)","ផ្សារ​ បែកអន្លូង (ផ្សារ សែនមនោរម្យ)","","","","","12.3637684","105.5884087","",""
"9523","Phsar Thmei","","","","","","10.7244297","103.8099765","",""
"9524","Phsar Trach Primary School","សាលាបឋមសិក្សា ផ្សារត្រាច","","","","","11.8457023","104.7241319","",""
"9525","Phsar Trach Secondary School","អនុវិទ្យាល័យ ផ្សារត្រាច","","","","","11.846797","104.7203694","",""
"9526","Phsar Benetchekam","ផ្សារ​ពាណិជ្ជកម្ម","","","","","10.6252632","103.5211917","",""
"9527","Phsar","","","","","","12.4584119","107.1855456","",""
"9528","TM Night Market","","","","","","13.5878201","102.9792129","",""
"9529","Palmyra fruit and frog stands","","","","","","11.2954299","104.8451868","",""
"9530","Phsar Kratie","","","","","","12.4846439","106.0182417","",""
"9531","Old Market","","","","","","10.607874","104.1795841","",""
"9532","Phsar Deum Kralanh","ផ្សារ​ដើម​ក្រឡាញ់","","","","","13.3795102","103.8531","",""
"9533","ផ្សារព្រៃល្វា","ផ្សារព្រៃល្វា","","","","","11.1622889","104.9586543","",""
"9534","Food Market","","","","","","11.9900679","105.4642293","",""
"9535","Phsar Thom","","","","","","11.9907459","105.4647501","",""
"9536","Phsar Samrong","","","","","","11.8226957","104.7436323","",""
"9537","Market Place","","","","","","10.5593633","104.4675633","",""
"9538","The Star Quateria","ស្តារគ្វាទៀរ","Phnom Penh","ភ្នំពេញ","Sen Sok","សែនសុខ","11.5867","104.8856","Star Quateria | The Star | ស្តារ","the star | star quateria | shopping | mall"
"9539","Calmette Hospital","មន្ទីរពេទ្យកាល់ម៉ែត្រ","Phnom Penh","ភ្នំពេញ","Daun Penh","ដូនពេញ","11.578","104.9199","Hopital Calmette | មន្ទីរពេទ្យកាល់ម៉ែត | Calmette","calmette | hospital calmette | កាល់ម៉ែត្រ | មន្ទីរពេទ្យកាល់ម៉ែត្រ | calmette hospital phnom penh"
"9540","Borey Peng Huoth Boeung Snor","បុរីប៉េងហួត បឹងស្នោ","Phnom Penh","ភ្នំពេញ","Chbar Ampov","ច្បារអំពៅ","11.5375","104.959","Peng Huoth Boeung Snor | បុរីប៉េងហorg បឹងស្នោ | Borey Peng Huot Boeung Snor","peng huoth | ប៉េងហorg | boeung snor | បឹងស្នោ | borey peng huoth"
"9541","Phsar Sen Sok","ផ្សារសែនសុខ","Phnom Penh","ភ្នំពេញ","Sen Sok","សែនសុខ","11.5872","104.8589","Sen Sok Market | Phsar Saen Sok | ផ្សារសែនសុក","phsar sen sok | ផ្សារសែនសុខ | sen sok market | pshar sen sok"
"9542","Phsar Prey Tea","ផ្សារព្រៃទា","Phnom Penh","ភ្នំពេញ","Pur SenChey","ពោធិ៍សែនជ័យ","11.5491","104.8295","Prey Tea Market | ផ្សារព្រៃទា ពោធិ៍សែនជ័យ","phsar prey tea | ផ្សារព្រៃទា | prey tea market | ព្រៃទា"
"9543","Psar Serey Sophon","","","","","","13.587012","102.9725","",""
"9544","Angroka Market","ផ្សារអង្គរការ","","","","","11.0341846","104.5900671","",""
"9545","Phsar Kraoum","","","","","","13.3450971","103.846824","",""
"9546","Phsar Kraoum Thmei","","","","","","13.3449429","103.84899","",""
"9547","Kampong Thom Central Market","","","","","","12.7122996","104.8875293","",""
"9548","Phsar","","","","","","11.6082198","102.9815916","",""
"9549","Angkor Handicraft Association / Fair Trade Village","","","","","","13.3754819","103.8689831","",""
"9550","Phsar Samraong","","","","","","14.1752208","103.506179","",""
"9551","Phsar","","","","","","14.4082608","103.6926862","",""
"9552","Phsar","","","","","","14.1956331","104.3538334","",""
"9553","Night Market","","","","","","11.9934373","105.4657856","",""
"9554","Phsar","","","","","","13.086524","103.2131573","",""
"9555","Phsar Leu","","","","","","13.0850698","103.1996391","",""
"9556","Market","","","","","","13.2538878","102.8756097","",""
"9557","Phsar Gne","ផ្សារជីណេ","","","","","13.3605367","103.8503003","",""
"9558","Victoria Supermarket","","","","","","12.9280231","102.4983206","",""
"9559","Phsar","","","","","","12.0756118","106.4223526","",""
"9560","Market","","","","","","14.3302347","103.1766307","",""
"9561","Tro Peang Plong Market","","","","","","11.6697307","105.9777728","",""
"9562","Phsar Prey Veng","","","","","","11.4854438","105.3221274","",""
"9563","Khnar Market","ផ្សារខ្នារ","","","","","13.3396797","103.8967913","",""
"9564","Phsar Tangkok","","","","","","12.2487788","105.1241502","",""
"9565","Bavet Market","ផ្សារអន្តរជាតិ បាវិត","","","","","11.0684994","106.1549189","",""
"9566","Angkor Market","ផ្សារទំនើប អង្គរ","","","","","13.3667071","103.8492107","",""
"9567","Phsar Neak Loeung","","","","","","11.2625197","105.2871918","",""
"9568","Phsar Kampong Kdei","","","","","","13.1231887","104.3421811","",""
"9569","Phsar Kraoum Road","ផ្លូវ ផ្សារក្រោម","","","","","13.3421205","103.8464166","",""
"9570","ផ្សារមេសរជ្រៃ","ផ្សារមេសរជ្រៃ","","","","","12.3000829","105.4178383","",""
"9571","Phsar Kep","","","","","","10.485839","104.3213631","",""
"9572","Phsar Leur","","","","","","10.622669","103.5300224","",""
"9573","Sesor Market","","","","","","10.5473165","104.2874948","",""
"9574","Phsar K'Dam","ផ្សារក្តាម","","","","","10.4889278","104.288921","",""
"9575","ចំណត​រថយន្ត​ ផ្សារ​ចាស់​ ក្រុង​ពោធិ៍សាត់​","ចំណត​រថយន្ត​ ផ្សារ​ចាស់​ ក្រុង​ពោធិ៍សាត់​","","","","","12.5382557","103.9146802","",""
"9576","Prek Dambouk Market","ផ្សារព្រែកដំបូក","","","","","11.8914","105.1606838","",""
"9577","Moan Dop Market","ផ្សារមាន់ដប់","","","","","11.8374218","105.0671572","",""
"9578","Preah Prasop Thmey Market","ផ្សារព្រះប្រសប់ថ្មី","","","","","11.7733944","105.0263595","",""
"9579","Khsach Poun Market","ផ្សារខ្សាច់ពូន","","","","","11.77696","104.6752871","",""
"9580","Central Market Street","ផ្លូវ ផ្សារកណ្តាល","","","","","13.3570177","103.8559162","",""
"9581","Central Market Street","ផ្លូវ ផ្សារកណ្តាល","","","","","13.3565628","103.8578796","",""
"9582","K. Leaeng Maret","","","","","","12.2745911","104.7263193","",""
"9583","Bek Anlong Market (Sen Monorom Market)","ផ្សារ​ បែកអន្លូង (ផ្សារ សែនមនោរម្យ)","","","","","12.3641404","105.5892989","",""
"9584","Seaside Plaza","ច្រករបៀងមាត់សមុទ្រ","","","","","10.6053202","103.5184606","",""
"9585","Kampong Pranak Market","ផ្សារកំពង់ប្រណាក","","","","","13.8084984","104.9779025","",""
"9586","Krouch Chhmar Market","ផ្សារក្រូចឆ្មារ","","","","","12.2910773","105.6283713","",""
"9587","market n3","","","","","","13.3582591","103.8619626","",""
"9588","ផ្សារបុរីរស្មី","ផ្សារបុរីរស្មី","","","","","10.9959288","104.7553243","",""
"9589","BoreyRaksmey's Night Market","","","","","","10.9956411","104.7561793","",""
"9590","Pou Poui Market","","","","","","12.5328531","103.9099147","",""
"9591","Kandieang Market","","","","","","12.584686","103.9565611","",""
"9592","Lucky Market","","","","","","12.5347003","103.9153549","",""
"9593","Kra Varnh Market","","","","","","12.3521936","103.7675742","",""
"9594","Krakor Market","","","","","","12.5332609","104.2095782","",""
"9595","Beong Khnar Market","","","","","","12.6351824","103.7251808","",""
"9596","Bam Nak Market","","","","","","12.2990276","104.1729118","",""
"9597","Bokor Night Market","","","","","","10.6163333","104.1735776","",""
"9598","Khsach Kandal Market","ផ្សារខ្សាច់កណ្ដាល","","","","","11.7507583","105.0097782","",""
"10001","Wat Steung Meanchey","វត្តស្ទឹងមានជ័យ","Phnom Penh","ភ្នំពេញ","Mean Chey","មានជ័យ","11.529285","104.896791","វត្តស្ទឹងមានជ័យ | Wat Stoeng Meanchey | Wat Steung Meanchey Pagoda","wat steung meanchey | wat stoeng meanchey | steung meanchey pagoda | វត្តស្ទឹងមានជ័យ | ស្ទឹងមានជ័យ"
"10002","Wat Prek Thleung","វត្តព្រែកថ្លឹង","Phnom Penh","ភ្នំពេញ","Dangkao","ដង្កោ","11.464612","104.91421","វត្តព្រែកថ្លឹង | Wat Prek Thleung Pagoda | Wat Prek Thleang","wat prek thleung | wat prek thleang | វត្តព្រែកថ្លឹង | ព្រែកថ្លឹង"
"10003","Prek Pnov Bridge","ស្ពានព្រែកព្នៅ","Phnom Penh","ភ្នំពេញ","Prek Pnov","ព្រែកព្នៅ","11.657512","104.887211","ស្ពានព្រែកព្នៅ | Prek Pnov Bridge | Ly Yong Phat Bridge","prek pnov bridge | ly yong phat bridge | ស្ពានព្រែកព្នៅ | ស្ពាន លីយ៉ុងផាត់ | ព្រែកព្នៅ"
"10004","Techo Santipheap Hospital","មន្ទីរពេទ្យជាតិ តេជោសន្តិភាព","Phnom Penh","ភ្នំពេញ","Prek Pnov","ព្រែកព្នៅ","11.524456","104.757344","មន្ទីរពេទ្យជាតិ តេជោសន្តិភាព | Techo Santipheap Hospital | Samdech Techo Santepheap Hospital","techo santipheap hospital | techo santepheap hospital | មន្ទីរពេទ្យជាតិ តេជោសន្តិភាព | ពេទ្យតេជោសន្តិភាព | ពេទ្យសម្ដេចតេជោសន្តិភាព"
"10005","Royal University of Fine Arts (RUFA) - Chroy Changvar","សាកលវិទ្យាល័យភូមិន្ទវិចិត្រសិល្បៈ ជ្រោយចង្វារ","Phnom Penh","ភ្នំពេញ","Chroy Changvar","ជ្រោយចង្វារ","11.603412","104.921312","សាកលវិទ្យាល័យភូមិន្ទវិចិត្រសិល្បៈ ជ្រោយចង្វារ | RUFA Chroy Changvar | RUFA New Campus","rufa chroy changvar | rufa new campus | royal university of fine arts new | សាកលវិទ្យាល័យភូមិន្ទវិចិត្រសិល្បៈ ជ្រោយចង្វារ | rufa ថ្មី ជ្រោយចង្វារ"
"10006","Borey Sony","បុរីសូនី","Phnom Penh","ភ្នំពេញ","Mean Chey","មានជ័យ","11.535812","104.873211","បុរីសូនី | Borey Sony","borey sony | borei sony | បុរីសូនី | សូនី"
"10007","Borey Phnom Penh Park","បុរីភ្នំពេញផាក","Phnom Penh","ភ្នំពេញ","Chroy Changvar","ជ្រោយចង្វារ","11.642112","104.935412","បុរីភ្នំពេញផាក | Borey Phnom Penh Park","borey phnom penh park | phnom penh park | បុរីភ្នំពេញផាក | ភ្នំពេញផាក"
"10008","Phsar Dei Thmei Veng Sreng","ផ្សារដីថ្មី វេងស្រេង","Phnom Penh","ភ្នំពេញ","Mean Chey","មានជ័យ","11.527311","104.858212","ផ្សារដីថ្មី វេងស្រេង | Dei Thmei Market Veng Sreng | Phsar Dei Thmey","phsar dei thmei veng sreng | phsar dei thmey | ផ្សារដីថ្មី វេងស្រេង | ផ្សារដីថ្មី | វេងស្រេង | veng sreng"
"10009","Kdan 2 Landmark","ក្តាន់២","Phnom Penh","ភ្នំពេញ","Daun Penh","ដូនពេញ","11.572421","104.914311","ក្តាន់២ | Kdan 2 Statue | Kdan Pi Intersection","kdan 2 | kdan pi | kdan two | ក្តាន់២ | ក្តាន់ពីរ | រង្វង់មូលក្តាន់ពីរ"
"10010","Yellow Shirt Factory","រោងចក្រអាវលឿង","Phnom Penh","ភ្នំពេញ","Sen Sok","សែនសុខ","11.530511","104.851212","រោងចក្រអាវលឿង | Yellow Shirt Factory | Yellow Factory","yellow shirt factory | រោងចក្រអាវលឿង | អាវលឿង | yellow factory"
"99001","Wat Phnom","វត្តភ្នំ","Phnom Penh","ភ្នំពេញ","Daun Penh","ដូនពេញ","11.5764","104.9222","Phnom Temple | Vat Phnom | Wat Phnom Daun Penh | Phnom Penh Hill Temple","wat phnom | vat phnom | phnom temple | pagoda hill | daun penh | phnom penh | វត្តភ្នំ | ភ្នំ"
"99002","Khmer-Soviet Friendship Hospital","មន្ទីរពេទ្យខ្មែររុស្ស៊ី","Phnom Penh","ភ្នំពេញ","Tuol Kork","ទួលគោក","11.5714","104.9146","Russe Hospital | Russian Hospital | ពេទ្យរុស្ស៊ី | ពេទ្យម៉ៅ | ម.ព.ខ.រ | Khmer Soviet Hospital","khmer soviet | soviet friendship | russe hospital | russian hospital | ពេទ្យរុស្ស៊ី | ពេទ្យម៉ៅ | មន្ទីរពេទ្យ | tuol kork"
"99003","Chroy Changvar Bridge","ស្ពានជ្រោយចង្វារ","Phnom Penh","ភ្នំពេញ","Chroy Changvar","ជ្រោយចង្វារ","11.5891","104.9255","Monivong Bridge | ស្ពានជ្រោយចង្វា | ស្ពានអ្នកវ៉ាន | Chroy Changwar Bridge","chroy changvar bridge | monivong bridge | chroy changwar | ស្ពានជ្រោយចង្វារ | ស្ពានជ្រោយចង្វា | ជ្រោយចង្វារ"
"99004","Prek Pnov Bridge","ស្ពានព្រែកព្នៅ","Phnom Penh","ភ្នំពេញ","Chroy Changvar","ជ្រោយចង្វារ","11.6289","104.9376","Prek Phnov Bridge | ស្ពានព្រែកព្នៅ","prek pnov bridge | prek phnov bridge | ស្ពានព្រែកព្នៅ | ព្រែកព្នៅ"
"99005","Phnom Penh International Airport","អាកាសយានដ្ឋានអន្តរជាតិភ្នំពេញ","Phnom Penh","ភ្នំពេញ","Pur SenChey","ពោធិ៍សែនជ័យ","11.5469","104.844","Pochentong Airport | Phnom Penh Airport | International Airport Phnom Penh","phnom penh airport | pochentong airport | international airport | អាកាសយានដ្ឋានអន្តរជាតិ | ភ្នំពេញ"
"11050","Virak Buntham Express Central (VET Orussey)","វីរៈ ប៊ុនថាំ អុចស្ព្រេស អូរឫស្សី","Phnom Penh","ភ្នំពេញ","Prampir Meakkara","ប្រាំពីរមករា","11.562","104.9148","VET Central | Virak Buntham Orussey | វីរៈប៊ុនថាំ អូរឫស្សី | Virak Buntham Express","virak buntham | vet express | orussey bus | វីរៈប៊ុនថាំ"
"11051","Capitol Bus Station Orussey","បេនឡាន កាពីតូល អូរឫស្សី","Phnom Penh","ភ្នំពេញ","Prampir Meakkara","ប្រាំពីរមករា","11.5608","104.9155","Capitol Bus | Capitol Express | បេនឡានកាពីតូល | Capitol Tour","capitol bus | capitol express | កាពីតូល | orussey bus"
"11052","Larryta Express Phnom Penh","ឡារីតា អិចស្ព្រេស ភ្នំពេញ","Phnom Penh","ភ្នំពេញ","Daun Penh","ដូនពេញ","11.5718","104.9205","Larryta Express | Larryta Bus | ឡារីតា | Larryta Night Bus","larryta express | larryta bus | ឡារីតា"
"11053","Phnom Penh Sorya Transport Terminal","បេនឡាន សូរិយា ផ្សារធំថ្មី","Phnom Penh","ភ្នំពេញ","Daun Penh","ដូនពេញ","11.5688","104.9202","Sorya Bus Station | Sorya Express | បេនឡានសូរិយា | Sorya Transport","sorya bus | sorya transport | បេនឡានសូរិយា"
"11054","Borey Peng Huoth Star Premier (598)","បុរីប៉េងហួត ផ្លូវ៥៩៨","Phnom Penh","ភ្នំពេញ","Sen Sok","សែនសុខ","11.605","104.881","Borey Peng Huoth 598 | Peng Huoth Star Premier | បុរីប៉េងហួត ៥៩៨","borey peng huoth 598 | peng huoth star premier | បុរីប៉េងហួត៥៩៨"
"11055","Borey Chip Mong Land 598","បុរីជីបម៉ុង ផ្លូវ៥៩៨","Phnom Penh","ភ្នំពេញ","Sen Sok","សែនសុខ","11.608","104.8835","Chip Mong Land 598 | Borey Chip Mong 598 | បុរីជីបម៉ុង ៥៩៨","borey chip mong 598 | chip mong 598 | បុរីជីបម៉ុង៥៩៨"
"11056","Borey Chip Mong Land 6A","បុរីជីបម៉ុង ផ្លូវ៦អា ជ្រោយចង្វារ","Phnom Penh","ភ្នំពេញ","Chroy Changvar","ជ្រោយចង្វារ","11.621","104.935","Chip Mong 6A | Borey Chip Mong Chroy Changvar | បុរីជីបម៉ុង ៦អា","borey chip mong 6a | chip mong 6a | បុរីជីបម៉ុង៦អា"
"11057","Borey Piphup Thmey Veng Sreng","បុរីពិភពថ្មី វេងស្រេង","Phnom Penh","ភ្នំពេញ","Pur SenChey","ពោធិ៍សែនជ័យ","11.5305","104.851","Borey New World Veng Sreng | Borey Piphup Thmey Veng Sreng 1 | បុរីពិភពថ្មីវេងស្រេង","borey piphup thmey veng sreng | veng sreng new world | បុរីពិភពថ្មីវេងស្រេង"
"11058","Borey Piphup Thmey Kamboul","បុរីពិភពថ្មី កំបូល","Phnom Penh","ភ្នំពេញ","Kamboul","កំបូល","11.518","104.765","Borey New World Kamboul | Borey Piphup Thmey Kamboul 1 | បុរីពិភពថ្មីកំបូល","borey piphup thmey kamboul | kamboul new world | បុរីពិភពថ្មីកំបូល"
"11059","Borey Piphup Thmey Kour Srov","បុរីពិភពថ្មី គួរស្រូវ","Phnom Penh","ភ្នំពេញ","Dangkao","ដង្កោ","11.455","104.882","Borey New World Kour Srov | Borey Piphup Thmey Kour Srov 2 | បុរីពិភពថ្មីគួរស្រូវ","borey piphup thmey kour srov | kour srov new world | បុរីពិភពថ្មីគួរស្រូវ"
"11060","Borey Orkide Villa Botanic City","បុរីអរគីដេ វីឡា បូតានិកស៊ីធី","Phnom Penh","ភ្នំពេញ","Chroy Changvar","ជ្រោយចង្វារ","11.645","104.938","Orkide Botanic City | Borey Orkide 6A | បុរីអរគីដេ៦អា | Orkide Villa 6A","orkide botanic city | borey orkide 6a | បុរីអរគីដេ៦អា"
"11061","Borey Orkide Villa Pochentong","បុរីអរគីដេ វីឡា ពោធិ៍ចិនតុង","Phnom Penh","ភ្នំពេញ","Pur SenChey","ពោធិ៍សែនជ័យ","11.551","104.862","Orkide Pochentong | Borey Orkide 2004 | បុរីអរគីដេ២០០៤ | Orkide Street 2004","orkide pochentong | borey orkide 2004 | បុរីអរគីដេ២០០៤"
"11062","Institute of Foreign Languages (IFL)","វិទ្យាស្ថានភាសាបរទេស","Phnom Penh","ភ្នំពេញ","Tuol Kouk","ទួលគោក","11.5695","104.8942","IFL | RUPP IFL | វិទ្យាស្ថានភាសាបរទេស | IFL Campus","ifl | ifl phnom penh | វិទ្យាស្ថានភាសាបរទេស | rupp ifl"
"11063","Royal University of Law and Economics (RULE)","សាកលវិទ្យាល័យភូមិន្ទនីតិសាស្ត្រ និងវិទ្យាសាស្ត្រសេដ្ឋកិច្ច","Phnom Penh","ភ្នំពេញ","Chamkar Mon","ចំការមន","11.5362","104.922","RULE | សាលាច្បាប់ | Law University | RULE Campus","rule | rule university | សាលាច្បាប់ | សាកលវិទ្យាល័យភូមិន្ទនីតិសាស្ត្រ"
"11064","National University of Management (NUM)","សាកលវិទ្យាល័យជាតិគ្រប់គ្រង","Phnom Penh","ភ្នំពេញ","Daun Penh","ដូនពេញ","11.5725","104.9198","NUM | NUM University | សាកលវិទ្យាល័យជាតិគ្រប់គ្រង","num | num university | សាកលវិទ្យាល័យជាតិគ្រប់គ្រង"
"11065","Royal University of Agriculture (RUA - Chamkar Daung)","សាកលវិទ្យាល័យភូមិន្ទកសិកម្ម ចំការដូង","Phnom Penh","ភ្នំពេញ","Dangkao","ដង្កោ","11.512","104.8975","RUA | Chamkar Daung University | សាកលវិទ្យាល័យចំការដូង | RUA Campus","rua | chamkar daung university | សាកលវិទ្យាល័យចំការដូង"
"11066","Norton University Chroy Changvar","សាកលវិទ្យាល័យ ន័រតុន ជ្រោយចង្វារ","Phnom Penh","ភ្នំពេញ","Chroy Changvar","ជ្រោយចង្វារ","11.5895","104.934","Norton University | Norton Campus | សាកលវិទ្យាល័យ ន័រតុន","norton university | norton | សាកលវិទ្យាល័យន័រតុន"
"11067","Paññāsāstra University of Cambodia (PUC)","សាកលវិទ្យាល័យ បញ្ញាសាស្ត្រ កម្ពុជា","Phnom Penh","ភ្នំពេញ","Chamkar Mon","ចំការមន","11.534","104.9195","PUC | Pannasastra University | PUC Toul Tom Poung | សាកលវិទ្យាល័យបញ្ញាសាស្ត្រ","puc | pannasastra university | បញ្ញាសាស្ត្រ"
"11068","Preah Kossamak Hospital (168 Hospital)","មន្ទីរពេទ្យព្រះកុសុមៈ (ពេទ្យលោកសង្ឃ)","Phnom Penh","ភ្នំពេញ","Tuol Kouk","ទួលគោក","11.567","104.8965","ពេទ្យលោកសង្ឃ | មន្ទីរពេទ្យព្រះកុសុមៈ | Preah Kossamak Hospital | 168 Hospital | Lok Sang Hospital","ពេទ្យលោកសង្ឃ | preah kossamak hospital | lok sang hospital | មន្ទីរពេទ្យព្រះកុសុមៈ"
"11069","Cho Ray Phnom Penh Hospital","មន្ទីរពេទ្យជោរៃភ្នំពេញ","Phnom Penh","ភ្នំពេញ","Mean Chey","មានជ័យ","11.5285","104.9425","មន្ទីរពេទ្យជោរៃ | Cho Ray Hospital | Cho Ray Phnom Penh","cho ray hospital | មន្ទីរពេទ្យជោរៃ | cho ray phnom penh"
"11070","Sunrise Japan Hospital Phnom Penh","មន្ទីរពេទ្យជប៉ុន សាន់រ៉ាយស៍","Phnom Penh","ភ្នំពេញ","Chroy Changvar","ជ្រោយចង្វារ","11.591","104.9325","មន្ទីរពេទ្យជប៉ុន | Sunrise Japan Hospital | Sunrise Hospital Chroy Changvar","sunrise japan hospital | មន្ទីរពេទ្យជប៉ុន | sunrise hospital"
"11071","Pasteur Institute of Cambodia","វិទ្យាស្ថានប៉ាស្ទ័រកម្ពុជា","Phnom Penh","ភ្នំពេញ","Daun Penh","ដូនពេញ","11.577","104.9168","វិទ្យាស្ថានប៉ាស្ទ័រ | Institut Pasteur du Cambodge | Pasteur Institute","pasteur institute | វិទ្យាស្ថានប៉ាស្ទ័រ | institut pasteur"
"11072","Ministry of Interior (Norodom Blvd)","ក្រសួងមហាផ្ទៃ","Phnom Penh","ភ្នំពេញ","Chamkar Mon","ចំការមន","11.545","104.9285","ក្រសួងមហាផ្ទៃ | Ministry of Interior | MOI Cambodia","ministry of interior | ក្រសួងមហាផ្ទៃ | moi cambodia"
"11073","Passport Office Aeon Mall Sen Sok","ការិយាល័យធ្វើលិខិតឆ្លងដែន អ៉ីអន២","Phnom Penh","ភ្នំពេញ","Sen Sok","សែនសុខ","11.595","104.8875","Passport Office Aeon 2 | ធ្វើប៉ាសស្ព័រ អ៉ីអន២ | Aeon 2 Passport Center","passport office aeon 2 | ធ្វើប៉ាសស្ព័រ | passport center aeon 2"
"11074","Morodok Techo National Stadium","ពហុកីឡដ្ឋានជាតិមរតកតេជោ","Phnom Penh","ភ្នំពេញ","Chroy Changvar","ជ្រោយចង្វារ","11.6785","104.882","ពហុកីឡដ្ឋានជាតិមរតកតេជោ | Morodok Techo Stadium | Techo National Stadium","morodok techo stadium | ពហុកីឡដ្ឋានជាតិមរតកតេជោ | techo stadium"
"11075","Koh Pich Convention and Exhibition Center","មជ្ឈមណ្ឌលពិព័រណ៍កោះពេជ្រ","Phnom Penh","ភ្នំពេញ","Chamkar Mon","ចំការមន","11.5535","104.939","មជ្ឈមណ្ឌលកោះពេជ្រ | Koh Pich Exhibition Center | Diamond Island Exhibition Center","koh pich exhibition center | មជ្ឈមណ្ឌលកោះពេជ្រ | diamond island exhibition"
"11076","Siem Reap Pub Street","ផ្លូវ ផាប់ ស្ទ្រីត សៀមរាប","Siem Reap","សៀមរាប","Siem Reap Municipality","ក្រុងសៀមរាប","13.3548","103.8545","Pub Street | Pub Street Siem Reap | ផាប់ស្ទ្រីត","pub street | pub street siem reap | ផាប់ស្ទ្រីត"
"11077","Battambang Phsar Nat","ផ្សារណាត់ បាត់ដំបង","Battambang","បាត់ដំបង","Battambang Municipality","ក្រុងបាត់ដំបង","13.1025","103.199","Phsar Nat Battambang | Psar Nat | ផ្សារណាត់","phsar nat battambang | psar nat | ផ្សារណាត់"
"11078","Sihanoukville Phsar Leu","ផ្សារលើ ព្រះសីហនុ","Preah Sihanouk","ព្រះសីហនុ","Preah Sihanouk Municipality","ក្រុងព្រះសីហនុ","10.628","103.531","Phsar Leu Sihanoukville | Psar Leu Kampong Som | ផ្សារលើព្រះសីហនុ","phsar leu sihanoukville | psar leu kampong som | ផ្សារលើព្រះសីហនុ"
"11079","Poipet International Border Checkpoint","ច្រកទ្វារអន្តរជាតិប៉ោយប៉ែត","Banteay Meanchey","បន្ទាយមានជ័យ","Poipet Municipality","ក្រុងប៉ោយប៉ែត","13.661","102.553","ច្រកប៉ោយប៉ែត | Poipet Border | Poipet Border Checkpoint","poipet border | ច្រកប៉ោយប៉ែត | poipet checkpoint"
"11080","Bavet International Border Checkpoint","ច្រកទ្វារអន្តរជាតិបាវិត","Svay Rieng","ស្វាយរៀង","Bavet Municipality","ក្រុងបាវិត","11.0815","106.171","ច្រកបាវិត | Bavet Border | Bavet Border Checkpoint","bavet border | ច្រកបាវិត | bavet checkpoint"
"11101","Vattanac Capital Tower","អគារវឌ្ឍនៈ ខាភីថល","Phnom Penh","ភ្នំពេញ","Daun Penh","ដូនពេញ","11.5712","104.9195","Vattanac Tower | Vattanac Capital | អគារវឌ្ឍនៈ","vattanac capital | vattanac tower | អគារវឌ្ឍនៈ"
"11102","Canadia Tower","អគារកាណាឌីយ៉ា","Phnom Penh","ភ្នំពេញ","Daun Penh","ដូនពេញ","11.5718","104.919","Canadia Tower Phnom Penh | Canadia Bank Head Office | អគារកាណាឌីយ៉ា","canadia tower | canadia bank | អគារកាណាឌីយ៉ា"
"11103","TK Avenue Tuol Kouk","ផ្សារទំនើប ធីខេ អេវេនញូ ទួលគោក","Phnom Penh","ភ្នំពេញ","Tuol Kouk","ទួលគោក","11.5768","104.898","TK Avenue | TK Avenue Mall | ផ្សារធីខេ","tk avenue | tk avenue mall | ផ្សារធីខេ"
"11104","Chip Mong Noro Mall","ផ្សារទំនើប ជីប ម៉ុង នរោ ម៉ល","Phnom Penh","ភ្នំពេញ","Chamkar Mon","ចំការមន","11.5495","104.927","Chip Mong Noro Mall | Chip Mong Norodom | ជីបម៉ុងនរោ","chip mong noro mall | chip mong norodom | ជីបម៉ុងនរោ"
"11105","Chip Mong Sen Sok Mall","ផ្សារទំនើប ជីប ម៉ុង សែនសុខ","Phnom Penh","ភ្នំពេញ","Sen Sok","សែនសុខ","11.593","104.883","Chip Mong Sen Sok | Chip Mong Mall Sen Sok | ជីបម៉ុងសែនសុខ","chip mong sen sok mall | chip mong sen sok | ជីបម៉ុងសែនសុខ"
"11106","Midtown Mall Street 2004","ផ្សារទំនើប មីដថោន ផ្លូវ២០០៤","Phnom Penh","ភ្នំពេញ","Pur SenChey","ពោធិ៍សែនជ័យ","11.5515","104.8685","Midtown Mall | Midtown Mall 2004 | ផ្សារមីដថោន","midtown mall | midtown 2004 | ផ្សារមីដថោន"
"11107","Cambodia Post Head Office (Wat Phnom)","ប្រៃសណីយ៍កម្ពុជា វត្តភ្នំ","Phnom Penh","ភ្នំពេញ","Daun Penh","ដូនពេញ","11.5738","104.9242","Cambodia Post | Post Office Wat Phnom | ប្រៃសណីយ៍កម្ពុជា | Central Post Office","cambodia post | post office wat phnom | ប្រៃសណីយ៍កម្ពុជា"
"11108","J&T Express Cambodia Main Hub","ជេ និង ធី អិចស្ព្រេស ភ្នំពេញ","Phnom Penh","ភ្នំពេញ","Sen Sok","សែនសុខ","11.575","104.872","J&T Express | J&T Hub Phnom Penh | J&T Cambodia | ជេនិងធី","j&t express | j&t cambodia | ជេនិងធី"
"11109","Kerry Express Cambodia Head Office","ខេរី អិចស្ព្រេស ផ្លូវ២៧១","Phnom Penh","ភ្នំពេញ","Mean Chey","មានជ័យ","11.541","104.908","Kerry Express | Kerry Express Cambodia | ខេរីអិចស្ព្រេស","kerry express | kerry cambodia | ខេរីអិចស្ព្រេស"
"11110","Preah Sisowath High School","វិទ្យាល័យ ព្រះស៊ីសុវត្ថិ","Phnom Penh","ភ្នំពេញ","Daun Penh","ដូនពេញ","11.5665","104.9248","សាលាស៊ីសុវត្ថិ | Sisowath High School | Preah Sisowath High School","sisowath high school | សាលាស៊ីសុវត្ថិ | វិទ្យាល័យព្រះស៊ីសុវត្ថិ"
"11111","Bak Touk High School","វិទ្យាល័យ បាក់ទូក","Phnom Penh","ភ្នំពេញ","Prampir Meakkara","ប្រាំពីរមករា","11.566","104.916","សាលាបាក់ទូក | Bak Touk High School | Bak Touk School","bak touk high school | សាលាបាក់ទូក | វិទ្យាល័យបាក់ទូក"
"11112","Beltei International University (Steung Meanchey)","សាកលវិទ្យាល័យ ប៊ែលធី អន្តរជាតិ ស្ទឹងមានជ័យ","Phnom Penh","ភ្នំពេញ","Mean Chey","មានជ័យ","11.5365","104.889","Beltei University | Beltei Steung Meanchey | សាកលវិទ្យាល័យប៊ែលធី","beltei university | beltei steung meanchey | ប៊ែលធី"
"11113","Asia Euro University (AEU)","សាកលវិទ្យាល័យ អាស៊ី អឺរ៉ុប","Phnom Penh","ភ្នំពេញ","Sen Sok","សែនសុខ","11.572","104.8815","AEU | Asia Euro University | សាកលវិទ្យាល័យអាស៊ីអឺរ៉ុប","aeu | asia euro university | អាស៊ីអឺរ៉ុប"
"11114","Vanda Institute Phnom Penh","វិទ្យាស្ថាន វ៉ាន់ដា ភ្នំពេញ","Phnom Penh","ភ្នំពេញ","Chamkar Mon","ចំការមន","11.542","104.917","Vanda Institute | Vanda Accounting | វិទ្យាស្ថានវ៉ាន់ដា","vanda institute | vanda accounting | វិទ្យាស្ថានវ៉ាន់ដា"
"11115","Tuol Sleng Genocide Museum (S-21)","សារមន្ទីរឧក្រិដ្ឋកម្មប្រល័យពូជសាសន៍ទួលស្លែង","Phnom Penh","ភ្នំពេញ","Boeng Keng Kang","បឹងកេងកង","11.549","104.9175","Tuol Sleng Museum | S21 Museum | សារមន្ទីរទួលស្លែង | Tuol Sleng","tuol sleng museum | s21 museum | សារមន្ទីរទួលស្លែង"
"11116","Phsar Takhmao Kandal","ផ្សារតាខ្មៅ កណ្តាល","Kandal","កណ្តាល","Takhmao Municipality","ក្រុងតាខ្មៅ","11.482","104.9485","Takhmao Market | Phsar Takhmao | ផ្សារតាខ្មៅ","phsar takhmao | takhmao market | ផ្សារតាខ្មៅ"
"11117","Phsar Kampong Chhnang","ផ្សារលើ កំពង់ឆ្នាំង","Kampong Chhnang","កំពង់ឆ្នាំង","Kampong Chhnang Municipality","ក្រុងកំពង់ឆ្នាំង","12.251","104.668","Kampong Chhnang Market | Phsar Chhnang | ផ្សារកំពង់ឆ្នាំង","phsar kampong chhnang | kampong chhnang market | ផ្សារកំពង់ឆ្នាំង"
"11118","Phsar Kampong Speu","ផ្សារកំពង់ស្ពឺ","Kampong Speu","កំពង់ស្ពឺ","Chbar Mon Municipality","ក្រុងច្បារមន","11.454","104.521","Kampong Speu Market | Phsar Chbar Mon | ផ្សារកំពង់ស្ពឺ","phsar kampong speu | kampong speu market | ផ្សារកំពង់ស្ពឺ"
"11119","Phsar Kampong Thom","ផ្សារកំពង់ធំ","Kampong Thom","កំពង់ធំ","Stung Saen Municipality","ក្រុងស្ទឹងសែន","12.711","104.888","Kampong Thom Market | Phsar Stung Saen | ផ្សារកំពង់ធំ","phsar kampong thom | kampong thom market | ផ្សារកំពង់ធំ"
"11120","Phsar Kampot Crab Market (Kep)","ផ្សារក្តាម កែប","Kep","កែប","Kep Municipality","ក្រុងកែប","10.4825","104.298","Kep Crab Market | Phsar Kdam Kep | ផ្សារក្តាមកែប | Crab Market","kep crab market | phsar kdam kep | ផ្សារក្តាមកែប"
"11201","ABA Bank Head Office (Preah Sihanouk Blvd)","ធនាគារ អេ ប៊ី អេ អាគារកណ្តាល","Phnom Penh","ភ្នំពេញ","Boeng Keng Kang","បឹងកេងកង","11.5545","104.925","ABA Head Office | ABA Bank Sihanouk Blvd | ABA Central | ធនាគារ ABA","aba bank | aba head office | aba central | ធនាគារ aba"
"11202","Wing Bank Tower (Monivong Blvd)","អគារ វីង ប៊ែង តាវ៉ឺ","Phnom Penh","ភ្នំពេញ","Boeng Keng Kang","បឹងកេងកង","11.547","104.9228","Wing Bank Head Office | Wing Tower | Wing Bank Monivong | អគារធនាគារវីង","wing bank | wing tower | wing head office | ធនាគារ វីង"
"11203","ACLEDA Bank Head Office (St. 271 / St. 598)","ធនាគារ អេស៊ីលីដា អាគារកណ្តាល","Phnom Penh","ភ្នំពេញ","Sen Sok","សែនសុខ","11.5835","104.8865","ACLEDA Head Office | ACLEDA Bank HQ | ធនាគារអេស៊ីលីដា","acleda bank | acleda head office | អេស៊ីលីដា"
"11204","Sathapana Tower (Norodom Blvd)","អគារ ស្ថាបនា តាវ៉ឺ","Phnom Penh","ភ្នំពេញ","Daun Penh","ដូនពេញ","11.564","104.9268","Sathapana Bank HQ | Sathapana Tower | អគារស្ថាបនា","sathapana tower | sathapana bank | ស្ថាបនា"
"11205","Borey Peng Huoth Euro Park (Boeung Snor)","បុរីប៉េងហួត យូរ៉ូផាក បឹងស្នោ","Phnom Penh","ភ្នំពេញ","Chbar Ampov","ច្បារអំពៅ","11.5385","104.968","Euro Park Peng Huoth | Euro Park Phnom Penh | យូរ៉ូផាក ប៉េងហួត","euro park | borey peng huoth euro park | យូរ៉ូផាក"
"11206","Borey Peng Huoth Grand Phnom Penh (598)","បុរីប៉េងហួត ក្រង់ភ្នំពេញ ផ្លូវ៥៩៨","Phnom Penh","ភ្នំពេញ","Sen Sok","សែនសុខ","11.615","104.872","Grand Phnom Penh City | Grand Phnom Penh 598 | ក្រង់ភ្នំពេញ","grand phnom penh | peng huoth grand phnom penh | ក្រង់ភ្នំពេញ"
"11207","Borey Chip Mong Land 1928 (Sen Sok)","បុរីជីបម៉ុង ១៩២៨ សែនសុខ","Phnom Penh","ភ្នំពេញ","Sen Sok","សែនសុខ","11.598","104.876","Chip Mong 1928 | Chip Mong Land 1928 | បុរីជីបម៉ុង១៩២៨","chip mong 1928 | borey chip mong 1928 | បុរីជីបម៉ុង១៩២៨"
"11208","Wat Sampov Meas","វត្តសំពៅមាស","Phnom Penh","ភ្នំពេញ","Prampir Meakkara","ប្រាំពីរមករា","11.558","104.9125","វត្តសំពៅមាស | Wat Sampov Meas | Sampov Meas Pagoda","wat sampov meas | វត្តសំពៅមាស | sampov meas"
"11209","Wat Koh","វត្តកោះ","Phnom Penh","ភ្នំពេញ","Daun Penh","ដូនពេញ","11.5662","104.9215","វត្តកោះ | Wat Koh | Wat Koh Pagoda","wat koh | វត្តកោះ | koh pagoda"
"11210","Wat Moha Montrei","វត្តមហាមន្ត្រី","Phnom Penh","ភ្នំពេញ","Prampir Meakkara","ប្រាំពីរមករា","11.5548","104.914","វត្តមហាមន្ត្រី | Wat Moha Montrei | Moha Montrei Pagoda","wat moha montrei | វត្តមហាមន្ត្រី | moha montrei"
"11211","Wat Tuol Tom Poung","វត្តទួលទំពូង","Phnom Penh","ភ្នំពេញ","Chamkar Mon","ចំការមន","11.5332","104.9145","វត្តទួលទំពូង | Wat Tuol Tom Poung | Toul Tom Poung Pagoda","wat tuol tom poung | វត្តទួលទំពូង | tuol tom poung pagoda"
"11212","Santhormok High School","វិទ្យាល័យ សន្ធរម៉ុក","Phnom Penh","ភ្នំពេញ","Tuol Kouk","ទួលគោក","11.5678","104.8985","សាលាសន្ធរម៉ុក | Santhormok High School | Santhormok School","santhormok high school | សាលាសន្ធរម៉ុក | វិទ្យាល័យសន្ធរម៉ុក"
"11213","CamTech University (Chroy Changvar)","សាកលវិទ្យាល័យ ខេមថិច ជ្រោយចង្វារ","Phnom Penh","ភ្នំពេញ","Chroy Changvar","ជ្រោយចង្វារ","11.642","104.935","CamTech University | CamTech | សាកលវិទ្យាល័យខេមថិច","camtech university | camtech | ខេមថិច"
"11214","CADT - Cambodia Academy of Digital Technology","បណ្ឌិត្យសភាបច្ចេកវិទ្យាឌីជីថលកម្ពុជា","Phnom Penh","ភ្នំពេញ","Prek Pnov","ព្រែកព្នៅ","11.658","104.895","CADT | NIPTICT | បណ្ឌិត្យសភាឌីជីថលកម្ពុជា","cadt | niptict | cadt cambodia"
"11215","PTT Station Chroy Changvar (NR6A)","ស្ថានីយប្រេងឥន្ធនៈ ភីធីធី ជ្រោយចង្វារ","Phnom Penh","ភ្នំពេញ","Chroy Changvar","ជ្រោយចង្វារ","11.6025","104.9288","PTT 6A | PTT Chroy Changvar | ស្ថានីយប្រេង PTT ៦អា","ptt 6a | ptt chroy changvar | ptt station"
"11216","TotalEnergies Monivong (Bokor Roundabout)","ស្ថានីយប្រេងឥន្ធនៈ ផ្កាយសរ មុនីវង្ស","Phnom Penh","ភ្នំពេញ","Boeng Keng Kang","បឹងកេងកង","11.5435","104.922","Total Monivong | Total Bokor | ស្ថានីយប្រេង Total មុនីវង្ស","total monivong | total bokor | totalenergies"
"11301","Borey Phnom Penh Park (National Road 6A)","បុរីភ្នំពេញផាក ផ្លូវ៦អា","Phnom Penh","ភ្នំពេញ","Chroy Changvar","ជ្រោយចង្វារ","11.625","104.936","បុរីភ្នំពេញផាក | Borey Phnom Penh Park | ភ្នំពេញផាក | ច្រកចូលចំប៉ា","borey phnom penh park | បុរីភ្នំពេញផាក | ភ្នំពេញផាក"
"11302","Military Barracks Kamboul (បន្ទាយទាហាន កំបូល)","បន្ទាយទាហាន កំបូល","Phnom Penh","ភ្នំពេញ","Kamboul","កំបូល","11.516","104.762","បន្ទាយទាហាន កំបូល | បន្ទាយទាហាយ | បន្ទាយទាហាយ កំបូល | Military Base Kamboul","បន្ទាយទាហាន | បន្ទាយទាហាយ | កំបូល"
"11303","Wat Prek Thleung (វត្តព្រែកថ្លឹង)","វត្តព្រែកថ្លឹង ព្រែកកំពិស","Phnom Penh","ភ្នំពេញ","Dangkao","ដង្កោ","11.4646","104.9142","វត្តព្រែកថ្លឹង | Wat Prek Thleung | វត្តព្រែកថ្លឹង សង្កាត់ព្រែកកំពិស | Prek Thleung Pagoda","វត្តព្រែកថ្លឹង | wat prek thleung | ព្រែកកំពិស"
"11304","Prek Hou Commune (ព្រែកហូរ)","សង្កាត់ព្រែកហូរ ក្រុងតាខ្មៅ","Kandal","កណ្តាល","Takhmao Municipality","ក្រុងតាខ្មៅ","11.458","104.942","ព្រែកហូរ | Prek Hou | Sangkat Prek Hou | សង្កាត់ព្រែកហូរ","ព្រែកហូរ | prek hou | ក្រុងតាខ្មៅ"
"11305","Phnom Penh Thmey (ភ្នំពេញថ្មី)","សង្កាត់ភ្នំពេញថ្មី សែនសុខ","Phnom Penh","ភ្នំពេញ","Sen Sok","សែនសុខ","11.588","104.882","ភ្នំពេញថ្មី | Phnom Penh Thmey | Phnom Penh Thmei | Sangkat Phnom Penh Thmey","ភ្នំពេញថ្មី | phnom penh thmey | សែនសុខ"
"11306","Phsar Prey Tea (ផ្សារព្រៃទា)","ផ្សារព្រៃទា ពោធិ៍សែនជ័យ","Phnom Penh","ភ្នំពេញ","Pur SenChey","ពោធិ៍សែនជ័យ","11.549","104.842","ផ្សារព្រៃទា | Phsar Prey Tea | Phsar Prey Teah | ផ្សារព្រៃទា ពោចិនតុង","ផ្សារព្រៃទា | phsar prey tea | ពោចិនតុង"
"11307","Maha Upasika Dy Pok Boulevard (មហាវិថី មហាឧបាសិកា ឌីប៉ុក)","មហាវិថី មហាឧបាសិកា ឌីប៉ុក សង្កាត់ឃ្មួញ","Phnom Penh","ភ្នំពេញ","Sen Sok","សែនសុខ","11.612","104.871","មហាវិថី មហាឧបាសិកា ឌីប៉ុក | Dy Pok Blvd | មហាឧបាសិកា ឌីប៉ុក | ផ្លូវឌីប៉ុក ឃ្មួញ","មហាឧបាសិកា ឌីប៉ុក | dy pok | សង្កាត់ឃ្មួញ"
"11308","Boeng Keng Kang District (បឹងកេងកង)","ខណ្ឌបឹងកេងកង ភ្នំពេញ","Phnom Penh","ភ្នំពេញ","Boeng Keng Kang","បឹងកេងកង","11.552","104.924","បឹងកេងកង | Boeng Keng Kang | BKK | BKK District","បឹងកេងកង | boeng keng kang | bkk"
"11309","Bali Resort Trapeang Lvea (បាលីរីសត ភូមិត្រពាំងល្វា)","បាលីរីសត ភូមិត្រពាំងល្វា សង្កាត់កាកាប","Phnom Penh","ភ្នំពេញ","Pur SenChey","ពោធិ៍សែនជ័យ","11.5525","104.8475","បាលីរីសត | Bali Resort | ភូមិត្រពាំងល្វា | ត្រពាំងល្វា","បាលីរីសត | ត្រពាំងល្វា | កាកាប"