"store_code","store_name","province_kh","district_en","district_kh","latitude","longitude","raw_delivery_store"
"BANA001","Chamnaom","បន្ទាយមានជ័យ","Mongkol Borei","មង្គលបូរី","13.437565","102.934632","BANA001 - Chamnaom"
"BANA002","Paoy Paet","បន្ទាយមានជ័យ","Paoy Paet","ប៉ោយប៉ែត","13.682498","102.564968","BANA002 - Paoy Paet"
"BANA003","Preah Punlea","បន្ទាយមានជ័យ","Serei Saophoan","សិរីសោភ័ណ","13.59106","102.973797","BANA003 - Preah Punlea"
"BANA004","Sen Sreynak","បន្ទាយមានជ័យ","Serei Saophoan","សិរីសោភ័ណ","13.646559","102.590885","BANA004 - Sen Sreynak"
"BANA005","Ou Ruessei","បន្ទាយមានជ័យ","Serei Saophoan","សិរីសោភ័ណ","13.69538","102.651888","BANA005 - Ou Ruessei"
"BANA006","Roluos","បន្ទាយមានជ័យ","Svay Chek","ស្វាយចេក","13.80385","102.96445","BANA006 - Roluos"
"BANA007","Seng","បន្ទាយមានជ័យ","Serei Saophoan","សិរីសោភ័ណ","13.410764","103.017448","BANA007 - Seng - Sovannary"
"BANA008","Paoy Char","បន្ទាយមានជ័យ","Serei Saophoan","សិរីសោភ័ណ","13.774137","103.313281","BANA008 - Paoy Char"
"BANA009","Chub Vari","បន្ទាយមានជ័យ","Serei Saophoan","សិរីសោភ័ណ","13.623668","103.182027","BANA009 - Chub Vari"
"BANA010","Banteay Chhmar","បន្ទាយមានជ័យ","Thma Puok","ថ្មពួក","12.252597","105.977067","BANA010 - Banteay Chhmar"
"BANA011","Kampong Svay","បន្ទាយមានជ័យ","Serei Saophoan","សិរីសោភ័ណ","13.600802","102.967587","BANA011 - Kampong Svay"
"BANA012","Malai","បន្ទាយមានជ័យ","Malai","ម៉ាឡៃ","13.566301","102.364078","BANA012 - Malai"
"BANA013","Thma Puok","បន្ទាយមានជ័យ","Thma Puok","ថ្មពួក","13.941231","103.049339","BANA013 - Thma Puok"
"BANA014","Koub","បន្ទាយមានជ័យ","Ou Chrov","អូរជ្រៅ","13.608353","102.764872","BANA014 - Koub"
"BANA015","Changha","បន្ទាយមានជ័យ","Ou Chrov","អូរជ្រៅ","13.647113","102.886313","BANA015 - Changha"
"BANA016","Phnum Lieb","បន្ទាយមានជ័យ","Preah Netr Preah","ព្រះនេត្រព្រះ","13.605432","103.312393","BANA016 - Phnum Lieb"
"BANA017","Punley","បន្ទាយមានជ័យ","Serei Saophoan","សិរីសោភ័ណ","13.76928","103.22615","BANA017 - Punley"
"BANA018","Sla Kram","បន្ទាយមានជ័យ","Svay Chek","ស្វាយចេក","13.832156","102.833294","BANA018 - Sla Kram"
"BANA020","Banteay Neang","បន្ទាយមានជ័យ","Mongkol Borei","មង្គលបូរី","13.515097","103.017095","BANA020 - Banteay Neang"
"BANP001","Serei Saophoan","បន្ទាយមានជ័យ","Serei Saophoan","សិរីសោភ័ណ","13.59572","102.97069","BANP001 - Serei Saophoan"
"BANS001","Ou Ambel","បន្ទាយមានជ័យ","Serei Saophoan","សិរីសោភ័ណ","13.5852101","102.9724208","BANS001 - Ou Ambel"
"BANS002","Paoy Paet","បន្ទាយមានជ័យ","Paoy Paet","ប៉ោយប៉ែត","13.65887","102.554344","BANS002 - Paoy Paet"
"BANS003","Thma Puok","បន្ទាយមានជ័យ","Thma Puok","ថ្មពួក","13.9413014","103.049302","BANS003 - Thma Puok"
"BANS004","Srah Chik","បន្ទាយមានជ័យ","Phnum Srok","ភ្នំ","13.74387","103.33588","BANS004 - Srah Chik"
"BATA001","Chomkar Somraong","បាត់ដំបង","Battambang","បាត់ដំបង","13.129832","103.198146","BATA001 - Chomkar Somraong"
"BATA002","Kampong Prieng","បាត់ដំបង","Sangkae","សង្កែ","12.9489","103.3383","BATA002 - Kampong Prieng"
"BATA003","Phnum Sampov","បាត់ដំបង","Banan","បាណន់","13.0296","103.1009","BATA003 - Phnum Sampov"
"BATA004","Vaot Ta Muem 01","បាត់ដំបង","Sangkae","សង្កែ","13.0627","103.2032","BATA004 - Vaot Ta Muem 01"
"BATA005","Thorn Sovannithida","បាត់ដំបង","Battambang","បាត់ដំបង","13.09573","103.190527","BATA005 - Thorn Sovannithida"
"BATA006","Moung","បាត់ដំបង","Moung Ruessei","មោងឫស្សី","12.775837","103.448387","BATA006 - Moung"
"BATA007","Snoeng","បាត់ដំបង","Banan","បាណន់","12.9784","103.0544","BATA007 - Snoeng"
"BATA008","Vaot Ta Muem 02","បាត់ដំបង","Sangkae","សង្កែ","13.03679","103.20173","BATA008 - Vaot Ta Muem 02"
"BATA009","REM SOCHEA","បាត់ដំបង","Battambang","បាត់ដំបង","13.265685","102.945134","BATA009 - REM SOCHEA"
"BATA010","Santepheap","បាត់ដំបង","Sampov Lun","សំពៅលូន","13.432283","102.366176","BATA010 - Santepheap"
"BATA011","Boeng Reang","បាត់ដំបង","Kamrieng","កំរៀង","13.087139","102.446107","BATA011 - Boeng Reang"
"BATA012","Bour","បាត់ដំបង","Phnum Proek","ភ្នំព្រឹក","13.283736","102.615651","BATA012 - Bour"
"BATA013","Pech Chenda 01","បាត់ដំបង","Phnum Proek","ភ្នំព្រឹក","13.222725","102.391644","BATA013 - Pech Chenda 01"
"BATA014","Pech Chenda 02","បាត់ដំបង","Phnum Proek","ភ្នំព្រឹក","13.2117","102.532803","BATA014 - Pech Chenda 02"
"BATA015","Sdok Pravoek","បាត់ដំបង","Rukh Kiri","រុក្ខគិរី","12.603483","103.490935","BATA015 - Sdok Pravoek"
"BATA016","Ta Kream","បាត់ដំបង","Banan","បាណន់","13.090324","103.023334","BATA016 - Ta Kream"
"BATA017","Ta Sanh","បាត់ដំបង","Samlout","សំឡូត","12.616636","102.858967","BATA017 - Ta Sanh"
"BATA018","Kampong Lpov","បាត់ដំបង","Samlout","សំឡូត","12.543875","102.865274","BATA018 - Kampong Lpov"
"BATA019","Traeng","បាត់ដំបង","Thma Koul","ថ្មគោល","12.832975","102.894727","BATA019 - Traeng"
"BATA021","Preaek Chik","បាត់ដំបង","Rukh Kiri","រុក្ខគិរី","12.651708","103.396619","BATA021 - Preaek Chik"
"BATA022","Bavel","បាត់ដំបង","Bavel","បវេល","13.256093","102.875914","BATA022 - Bavel"
"BATA023","Chrey","បាត់ដំបង","Thma Koul","ថ្មគោល","13.112873","103.136953","BATA023 - Chrey"
"BATA024","Boeng Pring","បាត់ដំបង","Thma Koul","ថ្មគោល","13.366959","103.034112","BATA024 - Boeng Pring"
"BATA025","Ta Pung","បាត់ដំបង","Thma Koul","ថ្មគោល","13.264179","103.089398","BATA025 - Ta Pung"
"BATA026","Svay Por","បាត់ដំបង","Battambang","បាត់ដំបង","13.0859","103.1988","BATA026 - Svay Por"
"BATA027","Ou Ta Ki","បាត់ដំបង","Thma Koul","ថ្មគោល","13.167237","103.112915","BATA027 - Ou Ta Ki"
"BATA028","Ta Sda","បាត់ដំបង","Sampov Lun","សំពៅលូន","13.404488","102.455575","BATA028 - Ta Sda"
"BATA029","Thipakdei","បាត់ដំបង","Koas Krala","គាស់ក្រឡ","12.856523","103.26872","BATA029 - Thipakdei"
"BATA030","Prey Svay","បាត់ដំបង","Moung Ruessei","មោងឫស្សី","12.713477","103.544657","BATA030 - Prey Svay"
"BATA032","Sdau","បាត់ដំបង","Thma Koul","ថ្មគោល","12.891503","102.973863","BATA032 - Sdau"
"BATA033","Ampil Pram Daeum","បាត់ដំបង","Bavel","បវេល","13.260059","102.767866","BATA033 - Ampil Pram Daeum"
"BATA034","Ou Char","បាត់ដំបង","Battambang","បាត់ដំបង","13.1076","103.1755","BATA034 - Ou Char"
"BATA035","Anlung Vil","បាត់ដំបង","Battambang","បាត់ដំបង","13.0624","103.2563","BATA035 - Anlung Vil"
"BATA036","Vaot Ta Muem","បាត់ដំបង","Sangkae","សង្កែ","13.01234","103.187065","BATA036 - Vaot Ta Muem"
"BATA037","Peam Aek","បាត់ដំបង","Aek Phnum","ឯកភ្នំ","13.161","103.2086","BATA037 - Peam Aek"
"BATA038","Prey Khpos","បាត់ដំបង","Bavel","បវេល","13.347834","102.905611","BATA038 - Prey Khpos"
"BATA039","Mukh Rea","បាត់ដំបង","Rukh Kiri","រុក្ខគិរី","12.77559","103.448243","BATA039 - Mukh Rea"
"BATA040","ORN SINA","បាត់ដំបង","Battambang","បាត់ដំបង","13.095671","103.190739","BATA040 - ORN SINA"
"BATA041","Moung Ruessei","បាត់ដំបង","Moung Ruessei","មោងឫស្សី","12.903065","103.3680416","BATA041 - Moung Ruessei"
"BATP001","Battambang","បាត់ដំបង","Battambang","បាត់ដំបង","13.106159","103.195737","BATP001 - Battambang"
"BATS001","Tuol Ta Ek","បាត់ដំបង","Battambang","បាត់ដំបង","13.095671","103.190739","BATS001 - Tuol Ta Ek"
"BATS002","Ta Pung","បាត់ដំបង","Thma Koul","ថ្មគោល","13.269928","103.089933","BATS002 - Ta Pung"
"BATS003","Boeng Reang","បាត់ដំបង","Kamrieng","កំរៀង","13.088761","102.445678","BATS003 - Boeng Reang"
"BATS004","Santepheap","បាត់ដំបង","Sampov Lun","សំពៅលូន","13.431886","102.376649","BATS004 - Santepheap"
"BATS005","Sdau","បាត់ដំបង","Thma Koul","ថ្មគោល","12.892662","102.97397","BATS005 - Sdau"
"BATS006","Bavel","បាត់ដំបង","Bavel","បវេល","13.25407","102.873046","BATS006 - Bavel"
"BATS007","Moung","បាត់ដំបង","Moung Ruessei","មោងឫស្សី","12.775514","103.447784","BATS007 - Moung"
"BATS008","Sdau","បាត់ដំបង","Thma Koul","ថ្មគោល","12.5333","102.5826","BATS008 - Sdau"
"CHAA001","Peam Prathnuoh","កំពង់ចាម","Kaoh Soutin","កោះសូទិន","11.892662","105.428499","CHAA001 - Peam Prathnuoh"
"CHAA002","Chrey Vien","កំពង់ចាម","Prey Chhor","ព្រៃឈរ","12.058398","105.257688","CHAA002 - Chrey Vien"
"CHAA003","Kor","កំពង់ចាម","Cheung Prey","ជើងព្រៃ","12.11317","105.21706","CHAA003 - Kor"
"CHAA004","Sandaek","កំពង់ចាម","Batheay","បាធាយ","12.123065","104.970836","CHAA004 - Sandaek"
"CHAA005","Me Sar Chrey","កំពង់ចាម","Stueng Trang","ស្ទឹងត្រង់","12.29968","105.419272","CHAA005 - Me Sar Chrey"
"CHAA006","Peam Chi Kang","កំពង់ចាម","Kang Meas","កងមាស","11.946622","105.247515","CHAA006 - Peam Chi Kang"
"CHAA007","Ta Prok","កំពង់ចាម","Chamkar Leu","ចំការលើ","12.376818","105.222342","CHAA007 - Ta Prok"
"CHAA008","Thma Pun","កំពង់ចាម","Prey Chhor","ព្រៃឈរ","12.162685","105.246162","CHAA008 - Thma Pun"
"CHAA009","Tang Krang","កំពង់ចាម","Batheay","បាធាយ","11.885387","104.935627","CHAA009 - Tang Krang"
"CHAA010","Bos Khnor","កំពង់ចាម","Chamkar Leu","ចំការលើ","12.180892","105.322863","CHAA010 - Bos Khnor"
"CHAA011","Lvea","កំពង់ចាម","Chamkar Leu","ចំការលើ","12.057856","105.181435","CHAA011 - Lvea"
"CHAA012","Khvet Thum","កំពង់ចាម","Prey Chhor","ព្រៃឈរ","12.059258","105.211236","CHAA012 - Khvet Thum"
"CHAA013","Chealea","កំពង់ចាម","Batheay","បាធាយ","11.9945","104.9433","CHAA013 - Chealea"
"CHAA014","Batheay","កំពង់ចាម","Batheay","បាធាយ","12.027384","104.962943","CHAA014 - Batheay"
"CHAA015","Soutib","កំពង់ចាម","Cheung Prey","ជើងព្រៃ","12.05615","105.074797","CHAA015 - Soutib"
"CHAA016","Veal Vung","កំពង់ចាម","Kampong Cham","កំពង់ចាម","11.979458","105.458557","CHAA016 - Veal Vung"
"CHAA017","Areak Tnaot","កំពង់ចាម","Kampong Cham","កំពង់ចាម","12.362246","105.587401","CHAA017 - Areak Tnaot"
"CHAA018","Kampong Cham","កំពង់ចាម","Kampong Cham","កំពង់ចាម","11.991004","105.466677","CHAA018 - Kampong Cham"
"CHAA019","Roka Koy","កំពង់ចាម","Kang Meas","កងមាស","11.9412","105.3009","CHAA019 - Roka Koy"
"CHAA020","Hanchey","កំពង់ចាម","Kampong Siem","កំពង់សៀម","12.1363","105.5264","CHAA020 - Hanchey"
"CHAA021","Svay Pou","កំពង់ចាម","Srei Santhor","ស្រីសន្ធរ","11.780832","105.081073","CHAA021 - Svay Pou"
"CHAA022","Preak Kak","កំពង់ចាម","Stueng Trang","ស្ទឹងត្រង់","12.258039","105.533665","CHAA022 - Preak Kak"
"CHAA023","Preak Rumdeng","កំពង់ចាម","Kampong Cham","កំពង់ចាម","11.9178","105.23044","CHAA023 - Preak Rumdeng"
"CHAA024","Tumnob","កំពង់ចាម","Batheay","បាធាយ","12.080426","104.975446","CHAA024 - Tumnob"
"CHAP001","Kampong Cham","កំពង់ចាម","Kampong Cham","កំពង់ចាម","11.989084","105.462284","CHAP001 - Kampong Cham"
"CHAS001","Veal Vung","កំពង់ចាម","Kampong Cham","កំពង់ចាម","11.989346","105.458567","CHAS001 - Veal Vung"
"CHAS002","Preak Kak","កំពង់ចាម","Stueng Trang","ស្ទឹងត្រង់","12.255298","105.539182","CHAS002 - Preak Kak"
"CHAS003","Soutib","កំពង់ចាម","Cheung Prey","ជើងព្រៃ","12.053318","105.056898","CHAS003 - Soutib"
"CHAS004","Chrey Vien","កំពង់ចាម","Prey Chhor","ព្រៃឈរ","12.057873","105.247003","CHAS004 - Chrey Vien"
"CHAS005","Svay Teab","កំពង់ចាម","Chamkar Leu","ចំការលើ","12.3140397","105.2777613","CHAS005 - Svay Teab"
"CHHA001","Ou Ruessei 01","កំពង់ឆ្នាំង","Kampong Tralach","កំពង់ត្រឡាច","11.939555","104.714322","CHHA001 - Ou Ruessei 01"
"CHHA002","Pongro","កំពង់ឆ្នាំង","Rolea B'ier","រលាប្អៀរ","12.257837","104.660942","CHHA002 - Pongro"
"CHHA003","Ou Ruessei 02","កំពង់ឆ្នាំង","Kampong Tralach","កំពង់ត្រឡាច","11.9517","104.7185","CHHA003 - Ou Ruessei 02"
"CHHA004","Saeb","កំពង់ឆ្នាំង","Kampong Tralach","កំពង់ត្រឡាច","12.0705","104.773","CHHA004 - Saeb"
"CHHA005","Peani","កំពង់ឆ្នាំង","Kampong Tralach","កំពង់ត្រឡាច","11.9234","104.7013","CHHA005 - Peani"
"CHHA006","Ta Ches","កំពង់ឆ្នាំង","Kampong Tralach","កំពង់ត្រឡាច","12.236991","104.669291","CHHA006 - Ta Ches"
"CHHA007","Prey Kri 01","កំពង់ឆ្នាំង","Chol Kiri","ជលគីរី","12.164788","104.881038","CHHA007 - Prey Kri 01"
"CHHA008","Peam Chhkaok","កំពង់ឆ្នាំង","Chol Kiri","ជលគីរី","12.207648","104.816967","CHHA008 - Peam Chhkaok"
"CHHA009","Krang Skear","កំពង់ឆ្នាំង","Tuek Phos","ទឹកផុស","12.238376","104.278047","CHHA009 - Krang Skear"
"CHHA010","Chhnok Tru","កំពង់ឆ្នាំង","Baribour","បរិបូណ៌","12.50071","104.4547","CHHA010 - Chhnok Tru"
"CHHA011","Svay Chrum","កំពង់ឆ្នាំង","Rolea B'ier","រលាប្អៀរ","12.279551","104.591655","CHHA011 - Svay Chrum"
"CHHA012","Trangel","កំពង់ឆ្នាំង","Kampong Leaeng","កំពង់លែង","12.2854","104.729588","CHHA012 - Trangel"
"CHHA013","Phsar","កំពង់ឆ្នាំង","Baribour","បរិបូណ៌","12.381489","104.487486","CHHA013 - Phsar"
"CHHA014","Krang Leav","កំពង់ឆ្នាំង","Rolea B'ier","រលាប្អៀរ","12.26828","104.610975","CHHA014 - Krang Leav"
"CHHA015","Chrey Bak","កំពង់ឆ្នាំង","Rolea B'ier","រលាប្អៀរ","12.198668","104.653831","CHHA015 - Chrey Bak"
"CHHA016","Chieb","កំពង់ឆ្នាំង","Tuek Phos","ទឹកផុស","12.257837","104.660942","CHHA016 - Chieb"
"CHHA017","Prey Kri 02","កំពង់ឆ្នាំង","Chol Kiri","ជលគីរី","12.257837","104.660942","CHHA017 - Prey Kri 02"
"CHHA018","Rolea B'ier","កំពង់ឆ្នាំង","Rolea B'ier","រលាប្អៀរ","12.236872","104.669272","CHHA018 - Rolea B'ier"
"CHHA019","Kampong Chhnang","កំពង់ឆ្នាំង","Kampong Chhnang","កំពង់ឆ្នាំង","12.246661","104.671258","CHHA019 - Kampong Chhnang"
"CHHA020","Krang Lvea","កំពង់ឆ្នាំង","Sameakki Mean Chey","សាមគ្គីមានជ័យ","11.973961","104.561273","CHHA020 - Krang Lvea"
"CHHA021","Lungveaek","កំពង់ឆ្នាំង","Kampong Chhnang","កំពង់ឆ្នាំង","11.889892","104.708955","CHHA021 - Lungveaek"
"CHHA022","B'er","កំពង់ឆ្នាំង","Kampong Chhnang","កំពង់ឆ្នាំង","12.257863","104.660945","CHHA022 - B'er"
"CHHA023","Rolea Bier","កំពង់ឆ្នាំង","Kampong Chhnang","កំពង់ឆ្នាំង","12.166712","104.66471","CHHA023 - Rolea Bier"
"CHHA024","Phsar Trach","កំពង់ឆ្នាំង","Baribour","បរិបូណ៌","11.840042","104.716812","CHHA024 - Phsar Trach"
"CHHP001","Kampong Chhnang","កំពង់ឆ្នាំង","Kampong Chhnang","កំពង់ឆ្នាំង","12.259851","104.67255","CHHP001 - Kampong Chhnang"
"CHHS001","Kampong Chhnang","កំពង់ឆ្នាំង","Kampong Chhnang","កំពង់ឆ្នាំង","12.2529466","104.6681428","CHHS001 - Kampong Chhnang"
"CHHS002","Peani","កំពង់ឆ្នាំង","Kampong Tralach","កំពង់ត្រឡាច","11.9371944","104.7135","CHHS002 - Peani"
"KAMA001","Banteay Meas Khang Kaeut","កំពត","Banteay Meas","បន្ទាយមាស","10.646252","104.655786","KAMA001 - Banteay Meas Khang Kaeut"
"KAMA002","Tnoat Chong Srang","កំពត","Banteay Meas","បន្ទាយមាស","10.590003","104.690418","KAMA002 - Tnoat Chong Srang"
"KAMA003","Preaek Kroes","កំពត","Kampong Trach","កំពង់ត្រាច","10.540408","104.580345","KAMA003 - Preaek Kroes"
"KAMA005","Chhuk 01","កំពត","Chhuk","ឈូក","10.766813","104.495433","KAMA005 - Chhuk 01"
"KAMA006","KEP","កំពត","Kampot","កំពត","105.59244","104.3895","KAMA006 - KEP"
"KAMA007","Phnum Kong","កំពត","Angkor Chey","អង្គរជ័យ","10.774704","104.663157","KAMA007 - Phnum Kong"
"KAMA008","Lbaeuk","កំពត","Chhuk","ឈូក","10.826849","104.372241","KAMA008 - Lbaeuk"
"KAMA009","Dang Tung 01","កំពត","Kampot","កំពត","10.769814","104.373538","KAMA009 - Dang Tung 01"
"KAMA010","Koun Sat","កំពត","Tuek Chhou","ទឹកឈូ","10.601968","104.279321","KAMA010 - Koun Sat"
"KAMA011","Chhuk 02","កំពត","Chhuk","ឈូក","10.833158","104.450881","KAMA011 - Chhuk 02"
"KAMA012","Kaoh Touch","កំពត","Bokor","បូកគោ","10.559037","104.083316","KAMA012 - Kaoh Touch"
"KAMA013","Trapeang Reang","កំពត","Chum Kiri","ជុំគិរី","10.922155","104.423925","KAMA013 - Trapeang Reang"
"KAMA014","Dang Tung 02","កំពត","Kampot","កំពត","10.704072","104.447481","KAMA014 - Dang Tung 02"
"KAMA015","Preaek Tnaot 01","កំពត","Kampot","កំពត","10.578851","103.993994","KAMA015 - Preaek Tnaot 01"
"KAMA016","Prey Thnang","កំពត","Tuek Chhou","ទឹកឈូ","10.69138","104.253991","KAMA016 - Prey Thnang"
"KAMA017","Trapeang Sangkae","កំពត","Tuek Chhou","ទឹកឈូ","10.592727","104.247785","KAMA017 - Trapeang Sangkae"
"KAMA018","Kampong Kandal","កំពត","Kampot","កំពត","10.603561","104.186762","KAMA018 - Kampong Kandal"
"KAMA019","Ruessei Srok Khang Lech 01","កំពត","Kampong Trach","កំពង់ត្រាច","10.432794","104.448912","KAMA019 - Ruessei Srok Khang Lech 01"
"KAMA020","Kampong Trach Khang Kaeut","កំពត","Kampong Trach","កំពង់ត្រាច","10.558688","104.467121","KAMA020 - Kampong Trach Khang Kaeut"
"KAMA021","Trapeang Sala Khang Kaeut","កំពត","Banteay Meas","បន្ទាយមាស","10.705028","104.620335","KAMA021 - Trapeang Sala Khang Kaeut"
"KAMA022","Praphnum","កំពត","Angkor Chey","អង្គរជ័យ","10.839616","104.650137","KAMA022 - Praphnum"
"KAMA023","Ruessei Srok Khang Lech 02","កំពត","Kampong Trach","កំពង់ត្រាច","10.491692","104.457715","KAMA023 - Ruessei Srok Khang Lech 02"
"KAMA024","Ang Sophi","កំពត","Kampot","កំពត","10.55492","104.499998","KAMA024 - Ang Sophi"
"KAMA025","Damnak Kantuot Khang Cheung","កំពត","Kampong Trach","កំពង់ត្រាច","10.616107","104.451051","KAMA025 - Damnak Kantuot Khang Cheung"
"KAMA026","L ang","កំពត","Kampot","កំពត","10.741902","104.341575","KAMA026 - L ang"
"KAMA027","Tuk Meas Khang Lech","កំពត","Banteay Meas","បន្ទាយមាស","10.666234","104.560236","KAMA027 - Tuk Meas Khang Lech"
"KAMA028","Preaek Tnaot 02","កំពត","Kampot","កំពត","10.612442","103.931604","KAMA028 - Preaek Tnaot 02"
"KAMA029","Dambouk Khpuos","កំពត","Kampot","កំពត","10.776852","104.568238","KAMA029 - Dambouk Khpuos"
"KAMA030","Dong Tong","កំពត","Kampot","កំពត","10.62885","104.47109","KAMA030 - Dong Tong"
"KAMP001","Kampot","កំពត","Kampot","កំពត","10.619812","104.182473","KAMP001 - Kampot"
"KAMS001","Krang Ampil","កំពត","Kampot","កំពត","10.6143893","104.1821269","KAMS001 - Krang Ampil"
"KAMS002","Tuk Meas Khang Lech","កំពត","Banteay Meas","បន្ទាយមាស","10.667472","104.560635","KAMS002 - Tuk Meas Khang Lech"
"KAMS003","Satv Pong","កំពត","Chhuk","ឈូក","10.835357","104.454835","KAMS003 - Satv Pong"
"KANA001","Preaek Chrey","កណ្តាល","Ta Khmau","តាខ្មៅ","10.96737","105.10423","KANA001 - Preaek Chrey"
"KANA002","Sampov Pun 01","កណ្តាល","Ta Khmau","តាខ្មៅ","11.027526","105.05863","KANA002 - Sampov Pun 01"
"KANA003","Pou Ban 01","កណ្តាល","Ta Khmau","តាខ្មៅ","11.195817","105.061087","KANA003 - Pou Ban 01"
"KANA004","Settak bou","កណ្តាល","Ta Khmau","តាខ្មៅ","11.455657","105.029998","KANA004 - Settak bou"
"KANA005","Svay Rolum","កណ្ដាល","Ta Khmau","តាខ្មៅ","11.455178","104.999608","KANA005 - Svay Rolum"
"KANA006","Krang Youv","កណ្តាល","Ta Khmau","តាខ្មៅ","11.292181","104.947988","KANA006 - Krang Youv"
"KANA007","Khpob","កណ្ដាល","Leuk Daek","លើកដែក","11.265877","105.033555","KANA007 - Khpob"
"KANA008","Khpob Ateav","កណ្ដាល","Leuk Daek","លើកដែក","11.058028","105.191104","KANA008 - Khpob Ateav"
"KANA009","Kokir Thum","កណ្ដាល","Kien Svay","កៀនស្វាយ","11.3343","105.241244","KANA009 - Kokir Thum"
"KANA010","Samraong Thum","កណ្ដាល","Kien Svay","កៀនស្វាយ","11.398369","105.236634","KANA010 - Samraong Thum"
"KANA011","Cheung Kaeub","កណ្ដាល","Kandal Stueng","កណ្ដាលស្ទឹង","11.42506","104.875069","KANA011 - Cheung Kaeub"
"KANA012","Dei Ed","កណ្ដាល","Kien Svay","កៀនស្វាយ","11.493478","105.097377","KANA012 - Dei Ed"
"KANA013","Chheu Teal 01","កណ្ដាល","Kien Svay","កៀនស្វាយ","11.464371","104.977234","KANA013 - Chheu Teal 01"
"KANA014","Chheu Teal 02","កណ្ដាល","Kien Svay","កៀនស្វាយ","11.468815","105.025253","KANA014 - Chheu Teal 02"
"KANA017","Preaek Anhchanh","កណ្ដាល","Mukh Kampul","មុខកំពូល","11.741298","104.98207","KANA017 - Preaek Anhchanh"
"KANA018","Roka Kaong Ti Muoy","កណ្ដាល","Kandal Stueng","កណ្ដាលស្ទឹង","11.848625","104.994513","KANA018 - Roka Kaong Ti Muoy"
"KANA019","Kampong Luong","កណ្ដាល","Ponhea Lueu","ពញាឮ","11.819205","104.802207","KANA019 - Kampong Luong"
"KANA020","Preaek Koy","កណ្ដាល","S'ang","ស្អាង","11.367409","105.004007","KANA020 - Preaek Koy"
"KANA021","Preaek Hour 01","កណ្តាល","Ta Khmau","តាខ្មៅ","11.456473","104.932033","KANA021 - Preaek Hour 01"
"KANA022","Cheung Kaeub","កណ្ដាល","Kandal Stueng","កណ្ដាលស្ទឹង","11.439455","104.892452","KANA022 - Cheung Kaeub"
"KANA023","Preaek Hour 02","កណ្តាល","Ta Khmau","តាខ្មៅ","11.4466","104.88001","KANA023 - Preaek Hour 02"
"KANA024","Daeum Rues","កណ្ដាល","Kandal Stueng","កណ្ដាលស្ទឹង","11.418343","104.791698","KANA024 - Daeum Rues"
"KANA026","Traeuy Sla","កណ្ដាល","S'ang","ស្អាង","11.319958","105.067528","KANA026 - Traeuy Sla"
"KANA027","Preaek Ruessei","កណ្ដាល","Lvea Aem","ល្វាឯម","11.470329","104.936806","KANA027 - Preaek Ruessei"
"KANA028","Siem Reab","កណ្ដាល","Kandal Stueng","កណ្ដាលស្ទឹង","11.389382","104.863461","KANA028 - Siem Reab"
"KANA029","Kampong Samnanh","កណ្ដាល","Ta Khmau","តាខ្មៅ","11.460466","104.942209","KANA029 - Kampong Samnanh"
"KANA031","Preaek Ta Meak","កណ្ដាល","Khsach Kandal","ខ្សាច់កណ្ដាល","11.749088","105.011697","KANA031 - Preaek Ta Meak"
"KANA033","Preaek Rey","កណ្ដាល","Lvea Aem","ល្វាឯម","11.528229","105.14387","KANA033 - Preaek Rey"
"KANA034","Roka Khpuos","កណ្ដាល","Kandal Stueng","កណ្ដាលស្ទឹង","11.420457","104.983317","KANA034 - Roka Khpuos"
"KANA036","Sambuor Meas","កណ្ដាល","Lvea Aem","ល្វាឯម","11.667183","104.866842","KANA036 - Sambuor Meas"
"KANA037","Sambuor","កណ្ដាល","Lvea Aem","ល្វាឯម","11.47773","105.162037","KANA037 - Sambuor"
"KANA038","Preaek Ruessei","កណ្ដាល","Lvea Aem","ល្វាឯម","11.4686","105.209882","KANA038 - Preaek Ruessei"
"KANA039","Chheu Khmau","កណ្តាល","Ta Khmau","តាខ្មៅ","11.048601","105.077687","KANA039 - Chheu Khmau"
"KANA040","Sampov Pun 02","កណ្តាល","Ta Khmau","តាខ្មៅ","10.954919","105.07873","KANA040 - Sampov Pun 02"
"KANA041","Leuk Daek","កណ្ដាល","Kaoh Thum","កោះធំ","11.130317","105.130143","KANA041 - Leuk Daek"
"KANA042","Pou Ban 02","កណ្តាល","Ta Khmau","តាខ្មៅ","11.182247","104.074302","KANA042 - Pou Ban 02"
"KANA043","Puk Ruessei","កណ្ដាល","Khsach Kandal","ខ្សាច់កណ្ដាល","11.684915","104.968129","KANA043 - Puk Ruessei"
"KANA044","Svay Romiet 01","កណ្ដាល","Khsach Kandal","ខ្សាច់កណ្ដាល","11.795103","105.015382","KANA044 - Svay Romiet 01"
"KANA045","Svay Romiet 02","កណ្ដាល","Khsach Kandal","ខ្សាច់កណ្ដាល","11.8122","105.038624","KANA045 - Svay Romiet 02"
"KANA046","CHRUY SOPHAT","កណ្តាល","Ta Khmau","តាខ្មៅ","11.6601777","104.96405","KANA046 - CHRUY SOPHAT"
"KANA049","Roka","កណ្ដាល","Kandal Stueng","កណ្ដាលស្ទឹង","11.451665","104.720281","KANA049 - Roka"
"KANA066","Wat Prek Ampil","កណ្តាល","Ta Khmau","តាខ្មៅ","11.647094","104.957062","KANA066 - Wat Prek Ampil"
"KANP001","Ta Khmau","កណ្តាល","Ta Khmau","តាខ្មៅ","11.4777335","104.9487032","KANP001 - Ta Khmau"
"KANS001","Ta Khmao","កណ្ដាល","Ta Khmau","តាខ្មៅ","11.473225","104.94918","KANS001 - Ta Khmao"
"KANS002","Kokir","កណ្ដាល","Kien Svay","កៀនស្វាយ","11.511094","105.048311","KANS002 - Kokir"
"KANS003","Preaek Thmei","កណ្ដាល","Kandal Stueng","កណ្ដាលស្ទឹង","11.133705","105.057119","KANS003 - Preaek Thmei"
"KANS004","Preaek Anhchanh","កណ្ដាល","Mukh Kampul","មុខកំពូល","11.738","104.9776","KANS004 - Preaek Anhchanh"
"KANS005","Baek Chan","កណ្ដាល","Angk Snuol","អង្គស្នួល","11.509273","104.741863","KANS005 - Baek Chan"
"KOHA001","Sob Mathly","កោះកុង","Khemarak Phoumin","ខេមរភូមិន្ទ","11.595865","102.979171","KOHA001 - Sob Mathly"
"KOHA002","Trapeang Rung","កោះកុង","Kaoh Kong","កោះកុង","11.379754","103.257654","KOHA002 - Trapeang Rung"
"KOHA003","Andoung Tuek","កោះកុង","Botum Sakor","បុទុមសាគរ","11.18609","103.468786","KOHA003 - Andoung Tuek"
"KOHA004","Dang Tung 02","កោះកុង","Khemarak Phoumin","ខេមរភូមិន្ទ","11.608304","102.982362","KOHA004 - Dang Tung 02"
"KOHA005","Srae Ambel","កោះកុង","Srae Ambel","ស្រែ អំបិល","11.1860333","103.4687297","KOHA005 - Srae Ambel"
"KOHA006","Srae Ambel","កោះកុង","Srae Ambel","ស្រែ អំបិល","11.122887","103.745922","KOHA006 - Srae Ambel"
"KOHA007","Phnhi Meas","កោះកុង","Kiri Sakor","គិរីសាគរ","10.990343","103.2221","KOHA007 - Phnhi Meas"
"KOHA008","Pak Khlang","កោះកុង","Mondol Seima","មណ្ឌលសីមា","11.642346","102.922879","KOHA008 - Pak Khlang"
"KOHA009","Ruessei Chrum","កោះកុង","Thma Bang","ថ្មបាំង","11.683293","103.44224","KOHA009 - Ruessei Chrum"
"KOHA010","Smach Mean Chey","កោះកុង","Khemara Phoumin","ខេមរភូមិន្ទ","11.61593","102.98466","KOHA010 - Smach Mean Chey"
"KOHA012","Cham Yeam","កោះកុង","Khemarak Phoumin","ខេមរភូមិន្ទ","11.383526","102.5550684","KOHA012 - Cham Yeam"
"KOHP001","Khemmeakrakphumin","កោះកុង","Khemarak Phoumin","ខេមរភូមិន្ទ","11.61075","102.978804","KOHP001 - Khemmeakrakphumin"
"KOHS001","Smach Mean Chey","កោះកុង","Khemara Phoumin","ខេមរភូមិន្ទ","11.6154","102.98474","KOHS001 - Smach Mean Chey"
"KRAA001","Sambok","ក្រចេះ","Chetr Borei","ចិត្របុរី","12.5903","106.0265","KRAA001 - Sambok"
"KRAA003","Chhloung","ក្រចេះ","Chhloung","ឆ្លូង","12.252597","105.977067","KRAA003 - Chhloung"
"KRAA004","Kbal Damrei","ក្រចេះ","Or Krieng Saenchay","អូរគ្រៀងសែនជ័យ","12.86919","106.198153","KRAA004 - Kbal Damrei"
"KRAA005","Svay Chreah","ក្រចេះ","Snuol","ស្នួល","12.320298","106.324222","KRAA005 - Svay Chreah"
"KRAA006","Kranhung Saen Chey","ក្រចេះ","Kratie","ក្រចេះ","12.129537","106.653759","KRAA006 - Kranhung Saen Chey"
"KRAA007","Ou Krieng","ក្រចេះ","Or Krieng Saenchay","អូរគ្រៀងសែនជ័យ","13.043829","106.180606","KRAA007 - Ou Krieng"
"KRAA008","Sambour","ក្រចេះ","Sambour","សំបូរ","12.776424","105.964835","KRAA008 - Sambour"
"KRAA009","Sandan","ក្រចេះ","Sambour","សំបូរ","12.689547","106.021083","KRAA009 - Sandan"
"KRAA010","Chambak","ក្រចេះ","Kratie","ក្រចេះ","12.278305","105.801464","KRAA010 - Chambak"
"KRAA012","Kanhchor","ក្រចេះ","Chhloung","ឆ្លូង","12.33255","106.052751","KRAA012 - Kanhchor"
"KRAP001","Kracheh","ក្រចេះ","Kracheh","ក្រចេះ","12.482385","106.020364","KRAP001 - Kracheh"
"KRAS001","Kracheh","ក្រចេះ","Kracheh","ក្រចេះ","12.4896","106.016","KRAS001 - Kracheh"
"KRAS002","Snuol","ក្រចេះ","Snuol","ស្នួល","12.0746","106.4211","KRAS002 - Snuol"
"KRAS003","Chhloung","ក្រចេះ","Chhloung","ឆ្លូង","12.2569","105.9602","KRAS003 - Chhloung"
"KRAS004","Sambour","ក្រចេះ","Sambour","សំបូរ","12.774535","105.964866","KRAS004 - Sambour"
"KRAS005","Preaek Prasab","ក្រចេះ","Prek Prasab","ព្រែកប្រសព្វ","12.35199","106.03661","KRAS005 - Preaek Prasab"
"MONA001","Chong Phlah","មណ្ឌលគិរី","Kaev Seima","កែវសីមា","12.614578","106.876878","MONA001 - Chong Phlah"
"MONA002","Dak Dam","មណ្ឌលគិរី","Ou Reang","អូររាំង","12.423385","107.312825","MONA002 - Dak Dam"
"MONA003","Srae Sangkum","មណ្ឌលគិរី","Kaoh Nheaek","កោះញែក","13.075742","107.044095","MONA003 - Srae Sangkum"
"MONA004","Bu Sra","មណ្ឌលគិរី","Pech Chreada","ពេជ្រាដា","12.541149","107.431679","MONA004 - Bu Sra"
"MONA005","Pu Chrey","មណ្ឌលគិរី","Pech Chreada","ពេជ្រាដា","12.684758","107.218298","MONA005 - Pu Chrey"
"MONA006","Srae Ampum","មណ្ឌលគិរី","Pech Chreada","ពេជ្រាដា","12.541868","107.337129","MONA006 - Srae Ampum"
"MONA007","Srae Khtum","មណ្ឌលគិរី","Kaev Seima","កែវសីមា","12.112262","106.886145","MONA007 - Srae Khtum"
"MONA008","Srae Chhuk","មណ្ឌលគិរី","Kaev Seima","កែវសីមា","12.139465","106.718123","MONA008 - Srae Chhuk"
"MONP001","Mondulkiri","មណ្ឌលគិរី","Senmonorom","សែនមនោរម្យ","12.457818","107.187645","MONP001 - Mondulkiri"
"MONS001","Spean Mean Chey","មណ្ឌលគិរី","Saen Monourom","សែនមនោរម្យ","12.454312","107.187197","MONS001 - Spean Mean Chey"
"ODDA001","Anlung Veaeng 01","ឧត្តរមានជ័យ","Samraong","សំរោង","14.08214","104.095182","ODDA001 - Anlung Veaeng 01"
"ODDA002","Anlung Veaeng 02","ឧត្តរមានជ័យ","Samraong","សំរោង","14.232786","104.080505","ODDA002 - Anlung Veaeng 02"
"ODDA003","Trapeang Tav","ឧត្ដរមានជ័យ","Anlong Veaeng","អន្លង់វែង","14.22539","103.897009","ODDA003 - Trapeang Tav"
"ODDA004","Trapeang Prasat 01","ឧត្ដរមានជ័យ","Trapeang Prasat","ត្រពាំងប្រាសាទ","14.19811","104.356795","ODDA004 - Trapeang Prasat 01"
"ODDA005","Trapeang Prasat 02","ឧត្ដរមានជ័យ","Trapeang Prasat","ត្រពាំងប្រាសាទ","14.112373","104.342542","ODDA005 - Trapeang Prasat 02"
"ODDA006","Samraong","ឧត្ដរមានជ័យ","Samraong","សំរោង","14.177446","103.507004","ODDA006 - Samraong"
"ODDA007","Chong Kal","ឧត្ដរមានជ័យ","Chong Kal","ចុងកាល់","13.961066","103.572905","ODDA007 - Chong Kal"
"ODDA008","Kouk Mon","ឧត្ដរមានជ័យ","Banteay Ampil","បន្ទាយអំពិល","14.161922","103.288798","ODDA008 - Kouk Mon"
"ODDP001","Samraong","ឧត្ដរមានជ័យ","Samraong","សំរោង","14.171544","103.511342","ODDP001 - Samraong"
"ODDS001","Samraong","ឧត្ដរមានជ័យ","Samraong","សំរោង","14.17525","103.5071667","ODDS001 - Samraong"
"ODDS002","Anlung Veaeng","ឧត្តរមានជ័យ","Samraong","សំរោង","14.230011","104.0781543","ODDS002 - Anlung Veaeng"
"PNPA001","Prey Sa","ភ្នំពេញ","Dangkao","ដង្កោ","11.500609","104.858078","PNPA001 - Prey Sa"
"PNPA002","Oulampik 01","ភ្នំពេញ","Chamkar Mon","ចំការមន","11.55307","104.91135","PNPA002 - Oulampik 01"
"PNPA003","Tuek Thla 01","ភ្នំពេញ","Saensokh","សែនសុខ","11.556812","104.881281","PNPA003 - Tuek Thla 01"
"PNPA004","Chaom Chau Ti Pir","ភ្នំពេញ","Chamkar Mon","ចំការមន","11.534467","104.84961","PNPA004 - Chaom Chau Ti Pir"
"PNPA005","Trapeang Thloeng 4","ភ្នំពេញ","Chamkar Mon","ចំការមន","11.531301","104.860961","PNPA005 - Trapeang Thloeng 4"
"PNPA006","Kakab Ti Pir","ភ្នំពេញ","Chamkar Mon","ចំការមន","11.563","104.8416","PNPA006 - Kakab Ti Pir"
"PNPA007","Dangkao","ភ្នំពេញ","Dangkao","ដង្កោ","11.5153","104.8856","PNPA007 - Dangkao"
"PNPA008","Stueng Mean Chey Ti Bei","ភ្នំពេញ","Chamkar Mon","ចំការមន","11.5293","104.8768","PNPA008 - Stueng Mean Chey Ti Bei"
"PNPA013","Kamboul","ភ្នំពេញ","Kamboul","កំបូល","11.4411","104.7519","PNPA013 - Kamboul"
"PNPA016","Angk Snuol","ភ្នំពេញ","Chamkar Mon","ចំការមន","11.509205","104.750279","PNPA016 - Angk Snuol"
"PNPA017","SOMOL MONORITH","ភ្នំពេញ","Chamkar Mon","ចំការមន","11.535556","104.761811","PNPA017 - SOMOL MONORITH"
"PNPA019","Ta Nuon","ភ្នំពេញ","Chamkar Mon","ចំការមន","11.535552","104.761817","PNPA019 - Ta Nuon"
"PNPA020","Tuol Svay Prey Ti Pir","ភ្នំពេញ","Boeng Keng Kang","បឹងកេងកង","11.551024","104.904515","PNPA020 - Tuol Svay Prey Ti Pir"
"PNPA022","Tien","ភ្នំពេញ","Dangkao","ដង្កោ","11.44122","104.855906","PNPA022 - Tien"
"PNPA023","Chaom Chau Ti Pir","ភ្នំពេញ","Chamkar Mon","ចំការមន","11.52833","104.844216","PNPA023 - Chaom Chau Ti Pir"
"PNPA024","Kakab Ti Muoy","ភ្នំពេញ","Chamkar Mon","ចំការមន","11.561142","104.841369","PNPA024 - Kakab Ti Muoy"
"PNPA025","Chaom Chau Ti Muoy 01","ភ្នំពេញ","Chamkar Mon","ចំការមន","11.531051","104.809553","PNPA025 - Chaom Chau Ti Muoy 01"
"PNPA026","Stueng Mean Chey Ti Muoy","ភ្នំពេញ","Chamkar Mon","ចំការមន","11.525871","104.875463","PNPA026 - Stueng Mean Chey Ti Muoy"
"PNPA027","Boeng Tumpun Ti Pir","ភ្នំពេញ","Chamkar Mon","ចំការមន","11.514045","104.920608","PNPA027 - Boeng Tumpun Ti Pir"
"PNPA028","Chaom Chau Ti Muoy 02","ភ្នំពេញ","Chamkar Mon","ចំការមន","11.5215","104.8725","PNPA028 - Chaom Chau Ti Muoy 02"
"PNPA029","Stueng Mean Chey Ti Pir","ភ្នំពេញ","Chamkar Mon","ចំការមន","11.524998","104.89214","PNPA029 - Stueng Mean Chey Ti Pir"
"PNPA030","Stueng Mean Chey Ti Muoy","ភ្នំពេញ","Chamkar Mon","ចំការមន","11.548701","104.896919","PNPA030 - Stueng Mean Chey Ti Muoy"
"PNPA031","Dangkao 01","ភ្នំពេញ","Dangkao","ដង្កោ","11.5064","104.8867","PNPA031 - Dangkao 01"
"PNPA032","Spean Thma","ភ្នំពេញ","Dangkao","ដង្កោ","11.4607","104.8898","PNPA032 - Spean Thma"
"PNPA033","Cheung Aek","ភ្នំពេញ","Dangkao","ដង្កោ","11.495626","104.893718","PNPA033 - Cheung Aek"
"PNPA034","Dangkao 02","ភ្នំពេញ","Dangkao","ដង្កោ","11.43287","105.59722","PNPA034 - Dangkao 02"
"PNPA035","Ruessei Kaev 01","ភ្នំពេញ","Russey Keo","ឫស្សីកែវ","11.612098","104.916483","PNPA035 - Ruessei Kaev 01"
"PNPA036","Phsar Daeum Kor","ភ្នំពេញ","Tuol Kouk","ទួលគោក","11.5558","104.903971","PNPA036 - Phsar Daeum Kor"
"PNPA037","Ruessei Kaev 02","ភ្នំពេញ","Russey Keo","ឫស្សីកែវ","11.60771","104.910754","PNPA037 - Ruessei Kaev 02"
"PNPA038","Kouk Khleang","ភ្នំពេញ","Saensokh","សែនសុខ","11.597575","104.868313","PNPA038 - Kouk Khleang"
"PNPA039","Phnum Penh Thmei","ភ្នំពេញ","Chamkar Mon","ចំការមន","11.572758","104.871636","PNPA039 - Phnum Penh Thmei"
"PNPA040","Tuek Thla 02","ភ្នំពេញ","Saensokh","សែនសុខ","11.553224","104.885042","PNPA040 - Tuek Thla 02"
"PNPA041","Oulampik 02","ភ្នំពេញ","Chamkar Mon","ចំការមន","11.554833","104.910783","PNPA041 - Oulampik 02"
"PNPA043","Preaek Pra","ភ្នំពេញ","Chbar Ampov","ច្បារអំពៅ","11.5047","104.9453","PNPA043 - Preaek Pra"
"PNPA044","Phsar Chas","ភ្នំពេញ","Doun Penh","ដូនពេញ","11.572105","104.924878","PNPA044 - Phsar Chas"
"PNPA045","Boeng Proluet","ភ្នំពេញ","Prampir Meakkakra","៧មករា","11.561033","104.91571","PNPA045 - Boeng Proluet"
"PNPA046","Chaom Chau Ti Bei 01","ភ្នំពេញ","Chamkar Mon","ចំការមន","11.532243","104.832501","PNPA046 - Chaom Chau Ti Bei 01"
"PNPA047","Phsar Thmei Ti Bei","ភ្នំពេញ","Doun Penh","ដូនពេញ","11.567417","104.92398","PNPA047 - Phsar Thmei Ti Bei"
"PNPA048","Chrang Chamreh Ti Pir","ភ្នំពេញ","Russey Keo","ឫស្សីកែវ","11.630997","104.903476","PNPA048 - Chrang Chamreh Ti Pir"
"PNPA051","Tuek L'ak Ti Bei","ភ្នំពេញ","Tuol Kouk","ទួលគោក","11.55678","104.893393","PNPA051 - Tuek L'ak Ti Bei"
"PNPA052","Chak Angrae Kraom","ភ្នំពេញ","Mean Chey","មានជ័យ","11.50926","104.937224","PNPA052 - Chak Angrae Kraom"
"PNPA055","Boeng Tumpun Ti Muoy","ភ្នំពេញ","Chamkar Mon","ចំការមន","11.520161","104.916818","PNPA055 - Boeng Tumpun Ti Muoy"
"PNPA059","Phsar Toch","ភ្នំពេញ","Chamkar Mon","ចំការមន","104.916787","11.590202","PNPA059 - Phsar Toch"
"PNPA060","Phsar Thmei Ti Muoy","ភ្នំពេញ","Doun Penh","ដូនពេញ","11.570329","104.921707","PNPA060 - Phsar Thmei Ti Muoy"
"PNPA064","Prey Pring Khang Tboung 2","ភ្នំពេញ","Chamkar Mon","ចំការមន","11.524598","104.826706","PNPA064 - Prey Pring Khang Tboung 2"
"PNPA069","Ou Baek K am","ភ្នំពេញ","Chamkar Mon","ចំការមន","11.5524","104.8851","PNPA069 - Ou Baek K am"
"PNPA070","Nirouth","ភ្នំពេញ","Chbar Ampov","ច្បារអំពៅ","11.519818","104.945927","PNPA070 - Nirouth"
"PNPA071","Chong Khsach","ភ្នំពេញ","Chamkar Mon","ចំការមន","104.915295","11.588579","PNPA071 - Chong Khsach"
"PNPA072","Phsar Toch","ភ្នំពេញ","Chamkar Mon","ចំការមន","104.907171","11.590341","PNPA072 - Phsar Toch"
"PNPA073","Phsar Depou Ti Pir Phum 2","ភ្នំពេញ","Tuol Kouk","ទួលគោក","11.566332","104.905016","PNPA073 - Phsar Depou Ti Pir Phum 2"
"PNPA074","Tuek Thla","ភ្នំពេញ","Saensokh","សែនសុខ","11.5576","104.8686","PNPA074 - Tuek Thla"
"PNPA079","Kab Phluk","ភ្នំពេញ","Chamkar Mon","ចំការមន","11.502116","104.806126","PNPA079 - Kab Phluk"
"PNPA080","Phleung Chheh Roteh","ភ្នំពេញ","Kamboul","កំបូល","11.491788","104.81429","PNPA080 - Phleung Chheh Roteh"
"PNPA081","Phsar Thmei Ti Bei Phum 3","ភ្នំពេញ","Doun Penh","ដូនពេញ","11.565271","104.923624","PNPA081 - Phsar Thmei Ti Bei Phum 3"
"PNPA087","Boeng Tumpun Ti Muoy","ភ្នំពេញ","Chamkar Mon","ចំការមន","11.530862","104.912548","PNPA087 - Boeng Tumpun Ti Muoy"
"PNPA088","Chaom Chau Ti Bei 02","ភ្នំពេញ","Chamkar Mon","ចំការមន","11.537322","104.815671","PNPA088 - Chaom Chau Ti Bei 02"
"PNPA091","Chaom Chau 2 Phum 1","ភ្នំពេញ","Pur SenChey","ពោធិ៍សែនជ័យ","11.52026","104.806014","PNPA091 - Chaom Chau 2 Phum 1"
"PNPA095","Wat Nirouth","ភ្នំពេញ","Chbar Ampov","ច្បារអំពៅ","11.522177","104.9465878","PNPA095 - Wat Nirouth"
"PNPA096","Tuek L ak Ti Bei Phum 2","ភ្នំពេញ","Chamkar Mon","ចំការមន","11.566","104.89096","PNPA096 - Tuek L ak Ti Bei Phum 2"
"PNPA100","Tuol Pongro","ភ្នំពេញ","Chamkar Mon","ចំការមន","11.513179","104.858848","PNPA100 - Tuol Pongro"
"PNPP001","Chamkar Mon","ភ្នំពេញ","Chamkar Mon","ចំការមន","11.5498322","104.9003168","PNPP001 - Chamkar Mon"
"PNPP002","Mean Chey 01","ភ្នំពេញ","Chamkar Mon","ចំការមន","11.5121","104.93619","PNPP002 - Mean Chey 01"
"PNPP003","Mean Chey 02","ភ្នំពេញ","Chamkar Mon","ចំការមន","11.547075","104.884","PNPP003 - Mean Chey 02"
"PNPP004","Preaek Pnov","ភ្នំពេញ","Chamkar Mon","ចំការមន","11.6583","104.8637","PNPP004 - Preaek Pnov"
"PNPP005","Chbar Ampov","ភ្នំពេញ","Chbar Ampov","ច្បារអំពៅ","11.5317","104.9369","PNPP005 - Chbar Ampov"
"PNPP006","Tuol Kouk","ភ្នំពេញ","Chamkar Mon","ចំការមន","11.5903","104.8974","PNPP006 - Tuol Kouk"
"PNPP007","Boeng Keng Kang","ភ្នំពេញ","Boeng Keng Kang","បឹងកេងកង","11.55514","104.915931","PNPP007 - Boeng Keng Kang"
"PNPP008","Pou Saen Chey 01","ភ្នំពេញ","Chamkar Mon","ចំការមន","11.561082","104.853001","PNPP008 - Pou Saen Chey 01"
"PNPP009","Pou Saen Chey 02","ភ្នំពេញ","Chamkar Mon","ចំការមន","11.5302","104.8521","PNPP009 - Pou Saen Chey 02"
"PNPP010","Chraoy Chongvar","ភ្នំពេញ","Chamkar Mon","ចំការមន","11.6407","104.918","PNPP010 - Chraoy Chongvar"
"PNPP011","Dangkao","ភ្នំពេញ","Dangkao","ដង្កោ","11.50786","104.8915","PNPP011 - Dangkao"
"PNPP012","Kamboul","ភ្នំពេញ","Kamboul","កំបូល","11.518005","104.774501","PNPP012 - Kamboul"
"PNPP013","Saen Sokh","ភ្នំពេញ","Chamkar Mon","ចំការមន","11.59","104.876058","PNPP013 - Saen Sokh"
"PNPP014","Doun Penh","ភ្នំពេញ","Chamkar Mon","ចំការមន","11.56927","104.91889","PNPP014 - Doun Penh"
"PNPS001","Phsar Thmei Ti Muoy","ភ្នំពេញ","Doun Penh","ដូនពេញ","11.566858","104.920799","PNPS001 - Phsar Thmei Ti Muoy"
"PNPS002","Boeng Kak Ti Pir","ភ្នំពេញ","Tuol Kouk","ទួលគោក","11.573333","104.897194","PNPS002 - Boeng Kak Ti Pir"
"PNPS003","Nirouth","ភ្នំពេញ","Chbar Ampov","ច្បារអំពៅ","11.531241","104.941846","PNPS003 - Nirouth"
"PNPS004","Tuek Thla","ភ្នំពេញ","Saensokh","សែនសុខ","11.562672","104.877815","PNPS004 - Tuek Thla"
"PNPS005","Chaom Chau Ti Muoy 01","ភ្នំពេញ","Chamkar Mon","ចំការមន","11.532352","104.832526","PNPS005 - Chaom Chau Ti Muoy 01"
"PNPS006","Srah Chak","ភ្នំពេញ","Doun Penh","ដូនពេញ","11.585659","104.915881","PNPS006 - Srah Chak"
"PNPS007","Tuol Svay Prey Ti Pir","ភ្នំពេញ","Boeng Keng Kang","បឹងកេងកង","11.550617","104.904676","PNPS007 - Tuol Svay Prey Ti Pir"
"PNPS008","Chaom Chau Ti Muoy 02","ភ្នំពេញ","Chamkar Mon","ចំការមន","11.532598","104.870151","PNPS008 - Chaom Chau Ti Muoy 02"
"PREA001","Prey Pnov 01","ព្រៃវែង","Pea Reang","ពារាំង","11.611617","105.367041","PREA001 - Prey Pnov 01"
"PREA002","Prey Kanlaong","ព្រៃវែង","Pur Rieng","ពោធិ៍រៀង","11.548952","105.321298","PREA002 - Prey Kanlaong"
"PREA003","Svay Antor 01","ព្រៃវែង","Svay Antor","ស្វាយអន្ទរ","11.571646","105.420105","PREA003 - Svay Antor 01"
"PREA004","Svay Antor 02","ព្រៃវែង","Svay Antor","ស្វាយអន្ទរ","11.59789","105.420474","PREA004 - Svay Antor 02"
"PREA005","Preaek Ta Sar","ព្រៃវែង","Pur Rieng","ពោធិ៍រៀង","11.5544","105.127824","PREA005 - Preaek Ta Sar"
"PREA006","Prey Daeum Thnoeng","ព្រៃវែង","Sithor Kandal","ស៊ីធរកណ្ដាល","11.775516","105.369815","PREA006 - Prey Daeum Thnoeng"
"PREA007","Roka","ព្រៃវែង","Peam Chor","ពាមជរ","11.664424","105.225004","PREA007 - Roka"
"PREA008","Prey Pnov 02","ព្រៃវែង","Pea Reang","ពារាំង","11.648247","105.34067","PREA008 - Prey Pnov 02"
"PREA009","Smaong Khang Cheung","ព្រៃវែង","Kamchay Mear","កំចាយមារ","11.553368","105.600953","PREA009 - Smaong Khang Cheung"
"PREA010","Tnaot","ព្រៃវែង","Kanhchriech","កញ្ជ្រៀច","11.743958","105.530275","PREA010 - Tnaot"
"PREA011","Kranhung","ព្រៃវែង","Kamchay Mear","កំចាយមារ","11.575922","105.662392","PREA011 - Kranhung"
"PREA012","Chres 01","ព្រៃវែង","Me Sang","មេសាង","11.342191","105.622593","PREA012 - Chres 01"
"PREA013","Prasat","ព្រៃវែង","Kampong Trabaek","កំពង់ត្របែក","11.147729","105.541211","PREA013 - Prasat"
"PREA014","Angkor Sar","ព្រៃវែង","Me Sang","មេសាង","11.268447","105.667765","PREA014 - Angkor Sar"
"PREA015","Banteay Chakrei 01","ព្រៃវែង","Preah Sdach","ព្រះស្ដេច","11.029347","105.378702","PREA015 - Banteay Chakrei 01"
"PREA016","Boeng Preah","ព្រៃវែង","Ba Phnum","បាភ្នំ","11.325107","105.440185","PREA016 - Boeng Preah"
"PREA017","Preaek Khsay Kha","ព្រៃវែង","Peam Ro","ពាមរក៍","11.263423","105.284942","PREA017 - Preaek Khsay Kha"
"PREA018","Prey Totueng","ព្រៃវែង","Me Sang","មេសាង","11.39061","105.609572","PREA018 - Prey Totueng"
"PREA019","Kampong Trabaek","ព្រៃវែង","Kamchay Mear","កំចាយមារ","11.142464","105.482792","PREA019 - Kampong Trabaek"
"PREA020","Angkor Reach","ព្រៃវែង","Preah Sdach","ព្រះស្ដេច","11.095309","105.384188","PREA020 - Angkor Reach"
"PREA021","Banteay Chakrei 02","ព្រៃវែង","Preah Sdach","ព្រះស្ដេច","10.966321","105.42245","PREA021 - Banteay Chakrei 02"
"PREA022","Chres 02","ព្រៃវែង","Me Sang","មេសាង","11.352907","105.646832","PREA022 - Chres 02"
"PREA023","Peam Ro","ព្រៃវែង","Peam Ro","ពាមរក៍","11.32042","105.283219","PREA023 - Peam Ro"
"PREA024","Chheu Kach","ព្រៃវែង","Ba Phnum","បាភ្នំ","11.256568","105.400833","PREA024 - Chheu Kach"
"PREA025","Peam Muntear","ព្រៃវែង","Prey Veng","ព្រៃវែង","11.008778","105.464324","PREA025 - Peam Muntear"
"PREA026","Prey Tueng","ព្រៃវែង","Sithor Kandal","ស៊ីធរកណ្ដាល","11.739997","105.372161","PREA026 - Prey Tueng"
"PREA027","CHHEANG SEANGKHIN","ព្រៃវែង","Prey Veng","ព្រៃវែង","11.31939","105.399572","PREA027 - CHHEANG SEANGKHIN"
"PREA028","Sao Raksmey","ព្រៃវែង","Prey Veng","ព្រៃវែង","11.84313","105.370159","PREA028 - Sao Raksmey"
"PREA029","LAK TOLY","ព្រៃវែង","Prey Veng","ព្រៃវែង","11.215623","105.347501","PREA029 - LAK TOLY"
"PREA030","Me Sang","ព្រៃវែង","Prey Veng","ព្រៃវែង","11.327182","105.541394","PREA030 - Me Sang"
"PREA031","Kampong Trabaek","ព្រៃវែង","Kamchay Mear","កំចាយមារ","11.197135","105.515982","PREA031 - Kampong Trabaek"
"PREA032","Peam Ro","ព្រៃវែង","Peam Ro","ពាមរក៍","11.343899","105.305749","PREA032 - Peam Ro"
"PREA033","Svay Antor","ព្រៃវែង","Svay Antor","ស្វាយអន្ទរ","11.462464","105.498355","PREA033 - Svay Antor"
"PREA034","Kamchay Mear","ព្រៃវែង","Prey Veng","ព្រៃវែង","11.62477","105.761708","PREA034 - Kamchay Mear"
"PREP001","Prey Veng","ព្រៃវែង","Prey Veng","ព្រៃវែង","11.4895","105.329192","PREP001 - Prey Veng"
"PRES001","Kampong Leav","ព្រៃវែង","Prey Veng","ព្រៃវែង","11.486712","105.326166","PRES001 - Kampong Leav"
"PRES002","Preaek Khsay Kha","ព្រៃវែង","Peam Ro","ពាមរក៍","11.261454","105.289131","PRES002 - Preaek Khsay Kha"
"PRES003","Chheu Kach","ព្រៃវែង","Ba Phnum","បាភ្នំ","11.256791","105.400789","PRES003 - Chheu Kach"
"PRES004","Chheu Kach","ព្រៃវែង","Ba Phnum","បាភ្នំ","11.256732","105.400851","PRES004 - Chheu Kach"
"PRES005","Roka","ព្រៃវែង","Peam Chor","ពាមជរ","11.663987","105.221573","PRES005 - Roka"
"PURA001","Kandieng","ពោធិ៍សាត់","Kandieng","កណ្ដៀង","12.584246","103.956298","PURA001 - Kandieng"
"PURA002","Srae Sdok","ពោធិ៍សាត់","Kandieng","កណ្ដៀង","12.662178","103.94826","PURA002 - Srae Sdok"
"PURA003","Chheu Tom","ពោធិ៍សាត់","Krakor","ក្រគរ","12.296662","104.174028","PURA003 - Chheu Tom"
"PURA004","Phteah Rung","ពោធិ៍សាត់","Ta Lou Senchey","តាលោសែនជ័យ","12.423372","103.729909","PURA004 - Phteah Rung"
"PURA005","Sna Ansa","ពោធិ៍សាត់","Krakor","ក្រគរ","12.53697","104.145334","PURA005 - Sna Ansa"
"PURA006","Leach","ពោធិ៍សាត់","Phnum Kravanh","ភ្នំក្រវ៉ាញ","12.351028","103.768345","PURA006 - Leach"
"PURA007","Ta Lou 01","ពោធិ៍សាត់","Ta Lou Senchey","តាលោសែនជ័យ","12.4878","103.5941","PURA007 - Ta Lou 01"
"PURA008","Anlung Tnaot","ពោធិ៍សាត់","Pursat","ពោធិ៍សាត់","12.533559","104.204472","PURA008 - Anlung Tnaot"
"PURA009","Me Tuek","ពោធិ៍សាត់","Bakan","បាកាន","12.69584","103.740165","PURA009 - Me Tuek"
"PURA010","Pramaoy 01","ពោធិ៍សាត់","Veal Veaeng","វាលវែង","12.306994","103.095853","PURA010 - Pramaoy 01"
"PURA011","Pramaoy 02","ពោធិ៍សាត់","Veal Veaeng","វាលវែង","12.355181","103.469557","PURA011 - Pramaoy 02"
"PURA012","Meng Sorphorn","ពោធិ៍សាត់","Pursat","ពោធិ៍សាត់","12.660656","103.670925","PURA012 - Meng Sorphorn"
"PURA013","Chorn Phang","ពោធិ៍សាត់","Pursat","ពោធិ៍សាត់","12.080807","103.205989","PURA013 - Chorn Phang"
"PURA014","Snam Preah","ពោធិ៍សាត់","Bakan","បាកាន","12.626963","103.836676","PURA014 - Snam Preah"
"PURA015","Ou Sandan","ពោធិ៍សាត់","Krakor","ក្រគរ","12.557407","104.114851","PURA015 - Ou Sandan"
"PURA016","Ta Lou 02","ពោធិ៍សាត់","Ta Lou Senchey","តាលោសែនជ័យ","12.4892","103.6503","PURA016 - Ta Lou 02"
"PURA017","Boeng Khnar","ពោធិ៍សាត់","Bakan","បាកាន","12.632193","103.734616","PURA017 - Boeng Khnar"
"PURA018","Trapeang Chong","ពោធិ៍សាត់","Pursat","ពោធិ៍សាត់","12.580989","103.737537","PURA018 - Trapeang Chong"
"PURP001","Pousat","ពោធិ៍សាត់","Pursat","ពោធិ៍សាត់","12.53454","103.91531","PURP001 - Pousat"
"PURS001","Phteah Prey","ពោធិ៍សាត់","Pursat","ពោធិ៍សាត់","12.537229","103.920705","PURS001 - Phteah Prey"
"PURS002","Boeng Khnar","ពោធិ៍សាត់","Bakan","បាកាន","12.635697","103.72688","PURS002 - Boeng Khnar"
"ROTA001","Trapeang Chres","រតនគិរី","Koun Mom","កូនមុំ","13.57925","106.772128","ROTA001 - Trapeang Chres"
"ROTA002","Labansiek","រតនគិរី","Ban Lung","បានលុង","13.739982","106.991325","ROTA002 - Labansiek"
"ROTA003","Ta Veaeng Leu","រតនគិរី","Ta Veaeng","តាវែង","14.045859","107.107888","ROTA003 - Ta Veaeng Leu"
"ROTA004","Veun Sai","រតនគិរី","Veun Sai","វើនសៃ","13.971663","106.813054","ROTA004 - Veun Sai"
"ROTA005","Lum Choar","រតនគិរី","Ou Ya Dav","អូរយ៉ាដាវ","13.670254","107.349959","ROTA005 - Lum Choar"
"ROTA006","Chey Otdam 01","រតនគិរី","Lumphat","លំផាត់","13.486692","106.981576","ROTA006 - Chey Otdam 01"
"ROTA007","Malik","រតនគិរី","Andoung Meas","អណ្ដូងមាស","13.865468","107.305068","ROTA007 - Malik"
"ROTA008","Kachanh 01","រតនគិរី","Ban Lung","បានលុង","13.719616","106.956511","ROTA008 - Kachanh 01"
"ROTA009","Kachanh 02","រតនគិរី","Ban Lung","បានលុង","13.717359","106.977399","ROTA009 - Kachanh 02"
"ROTA010","Teun","រតនគិរី","Koun Mom","កូនមុំ","13.683354","106.88182","ROTA010 - Teun"
"ROTA011","Chey Otdam 02","រតនគិរី","Lumphat","លំផាត់","13.459472","106.95973","ROTA011 - Chey Otdam 02"
"ROTA012","Ba Tang","រតនគិរី","Lumphat","លំផាត់","13.580911","106.957987","ROTA012 - Ba Tang"
"ROTA013","Ou Chum","រតនគិរី","Ou Chum","អូរជុំ","13.796013","106.993309","ROTA013 - Ou Chum"
"ROTA014","Trapeang Kraham 01","រតនគិរី","Koun Mom","កូនមុំ","13.508764","106.654464","ROTA014 - Trapeang Kraham 01"
"ROTA015","Veun Sai","រតនគិរី","Veun Sai","វើនសៃ","13.9749","106.8164","ROTA015 - Veun Sai"
"ROTA016","Trapeang Kraham 02","រតនគិរី","Koun Mom","កូនមុំ","13.542316","106.686128","ROTA016 - Trapeang Kraham 02"
"ROTA017","Srae Angkrong","រតនគិរី","Banlung","បានលុង","13.433351","106.61364","ROTA017 - Srae Angkrong"
"ROTP001","Ratanakiri","រតនគិរី","Banlung","បានលុង","12.457732","107.187718","ROTP001 - Ratanakiri"
"ROTS001","Labansiek","រតនគិរី","Ban Lung","បានលុង","13.7367","106.9864","ROTS001 - Labansiek"
"ROTS002","La Minh","រតនគិរី","Bar Kaev","បរកែវ","13.686","107.2169","ROTS002 - La Minh"
"ROTS003","Boeng Kansaeng","រតនគិរី","Ban Lung","បានលុង","13.7451","106.9894","ROTS003 - Boeng Kansaeng"
"SIEA001","Svay Leu","សៀមរាប","Svay Leu","ស្វាយលើ","13.551747","104.252698","SIEA001 - Svay Leu"
"SIEA002","Puok 01","សៀមរាប","Puok","ពួក","13.400147","103.79594","SIEA002 - Puok 01"
"SIEA003","Dam Daek","សៀមរាប","Soutr Nikom","សូទ្រនិគម","13.248097","104.124303","SIEA003 - Dam Daek"
"SIEA005","Srangae","សៀមរាប","Siem Reap","សៀមរាប","13.365655","103.808087","SIEA005 - Srangae"
"SIEA006","Kralanh","សៀមរាប","Kralanh","ក្រឡាញ់","13.588405","103.417674","SIEA006 - Kralanh"
"SIEA007","Srae Nouy","សៀមរាប","Varin","វ៉ារិន","13.813315","104.046877","SIEA007 - Srae Nouy"
"SIEA008","Kampong Kdei","សៀមរាប","Chi Kraeng","ជីក្រែង","13.111871","104.354264","SIEA008 - Kampong Kdei"
"SIEA009","Samraong","សៀមរាប","Puok","ពួក","13.393213","103.867875","SIEA009 - Samraong"
"SIEA010","Kantreang","សៀមរាប","Prasat Bakong","ប្រាសាទបាគង","13.352193","104.024788","SIEA010 - Kantreang"
"SIEA011","Sala Kamraeuk","សៀមរាប","Siem Reap","សៀមរាប","13.354795","103.869528","SIEA011 - Sala Kamraeuk"
"SIEA012","Ballang","សៀមរាប","Prasat Bakong","ប្រាសាទបាគង","13.475203","104.17265","SIEA012 - Ballang"
"SIEA014","Chrouy Neang Nguon","សៀមរាប","Srei Snam","ស្រីស្នំ","13.8277","103.5156","SIEA014 - Chrouy Neang Nguon"
"SIEA016","Siem Reab","សៀមរាប","Siem Reap","សៀមរាប","13.318811","103.851774","SIEA016 - Siem Reab"
"SIEA017","Kouk Chak","សៀមរាប","Siem Reap","សៀមរាប","13.580205","103.880291","SIEA017 - Kouk Chak"
"SIEA022","Puok 02","សៀមរាប","Puok","ពួក","13.44275","103.727382","SIEA022 - Puok 02"
"SIEA030","Char Chhuk","សៀមរាប","Angkor Chum","អង្គរជុំ","13.683854","103.649091","SIEA030 - Char Chhuk"
"SIEA031","Khnar Sanday","សៀមរាប","Banteay Srei","បន្ទាយស្រី","13.586712","103.956676","SIEA031 - Khnar Sanday"
"SIEA033","Svay Sa","សៀមរាប","Varin","វ៉ារិន","13.79006","103.750383","SIEA033 - Svay Sa"
"SIEA034","Anlung Samnar","សៀមរាប","Siem Reap","សៀមរាប","13.068422","103.289207","SIEA034 - Anlung Samnar"
"SIEA035","Sla Kram","សៀមរាប","Siem Reap","សៀមរាប","13.358351","103.893148","SIEA035 - Sla Kram"
"SIEA036","Kaev Poar","សៀមរាប","Puok","ពួក","13.387312","103.743113","SIEA036 - Kaev Poar"
"SIEA037","Ruessei Lok","សៀមរាប","Chi Kraeng","ជីក្រែង","13.199103","104.214583","SIEA037 - Ruessei Lok"
"SIEA038","Peak Snaeng","សៀមរាប","Angkor Thum","អង្គរធំ","103.880291","66728622","SIEA038 - Peak Snaeng"
"SIEA039","Kandaek","សៀមរាប","Prasat Bakong","ប្រាសាទបាគង","13.356339","103.916749","SIEA039 - Kandaek"
"SIEP001","Siem Reab","សៀមរាប","Siem Reap","សៀមរាប","13.359287","103.883998","SIEP001 - Siem Reab"
"SIES001","Kouk Chak","សៀមរាប","Siem Reap","សៀមរាប","13.381318","103.853015","SIES001 - Kouk Chak"
"SIES002","Siem Reab","សៀមរាប","Siem Reap","សៀមរាប","13.359275","103.854515","SIES002 - Siem Reab"
"SIES003","Dam Daek","សៀមរាប","Soutr Nikom","សូទ្រនិគម","13.244512","104.124204","SIES003 - Dam Daek"
"SIHA001","Tumnob Rolok","ព្រះសីហនុ","Stueng Hav","ស្ទឹងហាវ","10.737428","103.624233","SIHA001 - Tumnob Rolok"
"SIHA002","Boeng Ta Prum","ព្រះសីហនុ","Prey Nob","ព្រៃនប់","10.573382","103.773205","SIHA002 - Boeng Ta Prum"
"SIHA003","Ou Oknha Heng","ព្រះសីហនុ","Prey Nob","ព្រៃនប់","10.589629","103.763962","SIHA003 - Ou Oknha Heng"
"SIHA004","Prey Nob","ព្រះសីហនុ","Prey Nob","ព្រៃនប់","10.629706","103.782186","SIHA004 - Prey Nob"
"SIHA005","Andoung Thma","ព្រះសីហនុ","Prey Nob","ព្រៃនប់","10.675489","103.800485","SIHA005 - Andoung Thma"
"SIHA006","Cheung Kou","ព្រះសីហនុ","Prey Nob","ព្រៃនប់","10.753846","103.804156","SIHA006 - Cheung Kou"
"SIHA007","Lekh Muoy 01","ព្រះសីហនុ","Preah Sihanouk","ព្រះសីហនុ","10.662359","103.522013","SIHA007 - Lekh Muoy 01"
"SIHA008","Lekh Muoy 02","ព្រះសីហនុ","Preah Sihanouk","ព្រះសីហនុ","10.664146","103.522118","SIHA008 - Lekh Muoy 02"
"SIHA009","Stueng Chhay","ព្រះសីហនុ","Kampong Seila","កំពង់សីលា","10.939812","103.798362","SIHA009 - Stueng Chhay"
"SIHP001","Preah Sihanouk","ព្រះសីហនុ","Preah Sihanouk","ព្រះសីហនុ","10.620638","103.541226","SIHP001 - Preah Sihanouk"
"SIHS001","Lekh Buon","ព្រះសីហនុ","Preah Sihanouk","ព្រះសីហនុ","10.61986","103.52744","SIHS001 - Lekh Buon"
"SIHS002","Veal Renh","ព្រះសីហនុ","Prey Nob","ព្រៃនប់","10.709813","103.818335","SIHS002 - Veal Renh"
"SPEA001","Preah Khae","កំពង់ស្ពឺ","Basedth","បរសេដ្ឋ","11.174528","104.500433","SPEA001 - Preah Khae"
"SPEA002","Svay Rumpear","កំពង់ស្ពឺ","Basedth","បរសេដ្ឋ","11.211305","104.583741","SPEA002 - Svay Rumpear"
"SPEA003","Krang Chek","កំពង់ស្ពឺ","Samkkei Munichay","សាមគ្គីមុនីជ័យ","11.582755","104.531477","SPEA003 - Krang Chek"
"SPEA004","Roka Kaoh 01","កំពង់ស្ពឺ","Basedth","បរសេដ្ឋ","11.426686","104.661059","SPEA004 - Roka Kaoh 01"
"SPEA005","Sambour","កំពង់ស្ពឺ","Phnum Sruoch","ភ្នំស្រួច","11.533326","104.618288","SPEA005 - Sambour"
"SPEA007","Samrong Tong","កំពង់ស្ពឺ","Samraong Tong","សំរោងទង","11.54068","104.595483","SPEA007 - Samrong Tong"
"SPEA008","Pou Chamraeun","កំពង់ស្ពឺ","Basedth","បរសេដ្ឋ","11.105882","104.598308","SPEA008 - Pou Chamraeun"
"SPEA009","Traeng Trayueng","កំពង់ស្ពឺ","Phnum Sruoch","ភ្នំស្រួច","11.277905","104.211297","SPEA009 - Traeng Trayueng"
"SPEA010","Pneay","កំពង់ស្ពឺ","Samraong Tong","សំរោងទង","11.517333","104.520212","SPEA010 - Pneay"
"SPEA011","Rung Roeang","កំពង់ស្ពឺ","Thpong","ថ្ពង","11.721285","104.520246","SPEA011 - Rung Roeang"
"SPEA012","Amleang","កំពង់ស្ពឺ","Thpong","ថ្ពង","11.801009","104.342315","SPEA012 - Amleang"
"SPEA013","Skuh","កំពង់ស្ពឺ","Samraong Tong","សំរោងទង","11.404436","104.51386","SPEA013 - Skuh"
"SPEA014","Chambak","កំពង់ស្ពឺ","Phnum Sruoch","ភ្នំស្រួច","11.396063","104.111423","SPEA014 - Chambak"
"SPEA015","Roleang Kreul 01","កំពង់ស្ពឺ","Samraong Tong","សំរោងទង","11.445192","104.62579","SPEA015 - Roleang Kreul 01"
"SPEA016","Roka Kaoh 02","កំពង់ស្ពឺ","Basedth","បរសេដ្ឋ","11.412777","104.651533","SPEA016 - Roka Kaoh 02"
"SPEA017","Khsem Khsan","កំពង់ស្ពឺ","Odongk Maechay","ឧដុង្គម៉ែជ័យ","11.686979","104.70185","SPEA017 - Khsem Khsan"
"SPEA018","Pheakdei","កំពង់ស្ពឺ","Basedth","បរសេដ្ឋ","11.177036","104.407526","SPEA018 - Pheakdei"
"SPEA019","Prey Kmeng","កំពង់ស្ពឺ","Phnum Sruoch","ភ្នំស្រួច","11.308992","104.438688","SPEA019 - Prey Kmeng"
"SPEA020","Prey Sralaeng","កំពង់ស្ពឺ","Chbar Mon","ច្បារមន","11.157493","104.684507","SPEA020 - Prey Sralaeng"
"SPEA021","Tang Krouch","កំពង់ស្ពឺ","Phnum Sruoch","ភ្នំស្រួច","11.531039","104.416137","SPEA021 - Tang Krouch"
"SPEA022","Voa Sar","កំពង់ស្ពឺ","Samraong Tong","សំរោងទង","11.475615","104.567907","SPEA022 - Voa Sar"
"SPEA023","Trapeang Chou","កំពង់ស្ពឺ","Aoral","ឱរ៉ាល់","11.811444","104.129407","SPEA023 - Trapeang Chou"
"SPEA024","Ou Ta Vam","កំពង់ស្ពឺ","Phnum Sruoch","ភ្នំស្រួច","11.323964","104.578105","SPEA024 - Ou Ta Vam"
"SPEA025","Tang Sya","កំពង់ស្ពឺ","Phnum Sruoch","ភ្នំស្រួច","11.38836","104.377905","SPEA025 - Tang Sya"
"SPEA026","Ta Sal","កំពង់ស្ពឺ","Aoral","ឱរ៉ាល់","11.703038","103.939144","SPEA026 - Ta Sal"
"SPEA027","Ou","កំពង់ស្ពឺ","Basedth","បរសេដ្ឋ","11.342067","104.322307","SPEA027 - Ou"
"SPEA028","Veang Chas","កំពង់ស្ពឺ","Odongk Maechay","ឧដុង្គម៉ែជ័យ","11.823481","104.743066","SPEA028 - Veang Chas"
"SPEA029","Sangkae Satob","កំពង់ស្ពឺ","Aoral","ឱរ៉ាល់","11.680048","104.147813","SPEA029 - Sangkae Satob"
"SPEA031","Krang Khnong","កំពង់ស្ពឺ","Chbar Mon","ច្បារមន","11.309173","104.631576","SPEA031 - Krang Khnong"
"SPEA032","Roleang Kreul 02","កំពង់ស្ពឺ","Samraong Tong","សំរោងទង","11.440644","104.639622","SPEA032 - Roleang Kreul 02"
"SPEP001","Chbar Mon","កំពង់ស្ពឺ","Chbar Mon","ច្បារមន","11.465375","104.527043","SPEP001 - Chbar Mon"
"SPES001","Rokar Thum","កំពង់ស្ពឺ","Chbar Mon","ច្បារមន","11.460768","104.514622","SPES001 - Rokar Thum"
"SPES002","Snam Krapeu","កំពង់ស្ពឺ","Kong Pisei","គងពិសី","11.286801","104.706699","SPES002 - Snam Krapeu"
"STUA001","Sekong","ស្ទឹងត្រែង","Siem Pang","សៀមប៉ាង","14.115063","106.385817","STUA001 - Sekong"
"STUA002","Siem Bouk 01","ស្ទឹងត្រែង","Siem Bouk","សៀមបូក","13.334026","106.103639","STUA002 - Siem Bouk 01"
"STUA003","Ou Svay","ស្ទឹងត្រែង","Borei Ou Svay Senchey","បុរីអូរស្វាយសែនជ័យ","13.880126","106.001924","STUA003 - Ou Svay"
"STUA004","Kbal Romeas 01","ស្ទឹងត្រែង","Sesan","សេសាន","13.422893","106.280728","STUA004 - Kbal Romeas 01"
"STUA006","Siem Bouk 02","ស្ទឹងត្រែង","Siem Bouk","សៀមបូក","13.360574","105.959553","STUA006 - Siem Bouk 02"
"STUA007","Phluk","ស្ទឹងត្រែង","Sesan","សេសាន","13.564517","106.17007","STUA007 - Phluk"
"STUA008","Kbal Romeas 02","ស្ទឹងត្រែង","Sesan","សេសាន","13.417695","106.198157","STUA008 - Kbal Romeas 02"
"STUA009","Anlung Chrey","ស្ទឹងត្រែង","Stung Treng","ស្ទឹងត្រែង","13.765682","105.671585","STUA009 - Anlung Chrey"
"STUA010","Preah Rumkel","ស្ទឹងត្រែង","Borei Ou Svay Senchey","បុរីអូរស្វាយសែនជ័យ","13.894888","105.964596","STUA010 - Preah Rumkel"
"STUP001","Stung Treng","ស្ទឹងត្រែង","Stung Treng","ស្ទឹងត្រែង","13.528625","105.971602","STUP001 - Stung Treng"
"STUS001","Stueng Traeng","ស្ទឹងត្រែង","Stueng Traeng","ស្ទឹងត្រែង","13.5285","105.9709","STUS001 - Stueng Traeng"
"SVAA001","Khsaet","ស្វាយរៀង","Kampong Rou","កំពង់រោទិ៍","10.926719","105.985774","SVAA001 - Khsaet"
"SVAA002","Kokir","ស្វាយរៀង","Chantrea","ចន្ទ្រា","11.443579","105.861148","SVAA002 - Kokir"
"SVAA003","Ang Prasrae","ស្វាយរៀង","Svay Rieng","ស្វាយរៀង","11.323111","105.818189","SVAA003 - Ang Prasrae"
"SVAA004","Kampong Chak","ស្វាយរៀង","Rumduol","រំដួល","11.171601","105.818778","SVAA004 - Kampong Chak"
"SVAA005","Bati","ស្វាយរៀង","Bavet","បាវិត","10.992849","106.129186","SVAA005 - Bati"
"SVAA006","Samraong","ស្វាយរៀង","Chantrea","ចន្ទ្រា","10.9291","106.1414","SVAA006 - Samraong"
"SVAA007","Kruos","ស្វាយរៀង","Svay Chrum","ស្វាយជ្រំ","11.061583","105.668694","SVAA007 - Kruos"
"SVAA008","Chantrei","ស្វាយរៀង","Romeas Haek","រមាសហែក","11.284448","105.72468","SVAA008 - Chantrei"
"SVAA009","Doun Sa","ស្វាយរៀង","Svay Chrum","ស្វាយជ្រំ","11.225428","105.724589","SVAA009 - Doun Sa"
"SVAA010","Kampong Trach","ស្វាយរៀង","Romeas Haek","រមាសហែក","11.410974","105.784585","SVAA010 - Kampong Trach"
"SVAA011","Sambat Mean Chey","ស្វាយរៀង","Svay Rieng","ស្វាយរៀង","11.437822","105.691046","SVAA011 - Sambat Mean Chey"
"SVAA012","Doung","ស្វាយរៀង","Romeas Haek","រមាសហែក","11.338164","105.862059","SVAA012 - Doung"
"SVAA013","Chres","ស្វាយរៀង","Chantrea","ចន្ទ្រា","10.935155","106.057092","SVAA013 - Chres"
"SVAA014","Mream","ស្វាយរៀង","Romeas Haek","រមាសហែក","11.311113","105.674529","SVAA014 - Mream"
"SVAA015","Svay Thum","ស្វាយរៀង","Svay Chrum","ស្វាយជ្រំ","11.021884","105.603819","SVAA015 - Svay Thum"
"SVAA016","Pou Reach","ស្វាយរៀង","Svay Rieng","ស្វាយរៀង","11.150287","105.762472","SVAA016 - Pou Reach"
"SVAA017","Chrey Thum","ស្វាយរៀង","Romeas Haek","រមាសហែក","11.408281","105.716263","SVAA017 - Chrey Thum"
"SVAA018","Koki Saom","ស្វាយរៀង","Svay Teab","ស្វាយទាប","11.159454","105.938441","SVAA018 - Koki Saom"
"SVAA019","Svay Chrum","ស្វាយរៀង","Svay Chrum","ស្វាយជ្រំ","11.117568","105.716027","SVAA019 - Svay Chrum"
"SVAP001","Svay Rieng","ស្វាយរៀង","Svay Rieng","ស្វាយរៀង","11.0914361","105.7915562","SVAP001 - Svay Rieng"
"SVAS001","Svay Rieng","ស្វាយរៀង","Svay Rieng","ស្វាយរៀង","11.082903","105.7966346","SVAS001 - Svay Rieng"
"SVAS002","Bavet","ស្វាយរៀង","Bavet","បាវិត","11.0705","106.1577","SVAS002 - Bavet"
"SVAS003","Chrak Mtes","ស្វាយរៀង","Bavet","បាវិត","11.0381","106.0115","SVAS003 - Chrak Mtes"
"SVAS004","Kampong Trach","ស្វាយរៀង","Romeas Haek","រមាសហែក","11.412753","105.794946","SVAS004 - Kampong Trach"
"TAKA001","Ou Saray","តាកែវ","Tram Kak","ត្រាំកក់","11.075468","104.496893","TAKA001 - Ou Saray"
"TAKA002","Sun Chanchav","តាកែវ","Doun Kaev","ដូនកែវ","11.034202","104.590535","TAKA002 - Sun Chanchav"
"TAKA003","Trapeang Kranhung","តាកែវ","Doun Kaev","ដូនកែវ","11.093079","104.414537","TAKA003 - Trapeang Kranhung"
"TAKA004","Tram Kak","តាកែវ","Tram Kak","ត្រាំកក់","10.911496","104.589815","TAKA004 - Tram Kak"
"TAKA005","Romenh 01","តាកែវ","Kaoh Andaet","កោះអណ្ដែត","10.7957","104.9502","TAKA005 - Romenh 01"
"TAKA006","Sambuor","តាកែវ","Treang","ទ្រាំង","10.962474","104.857369","TAKA006 - Sambuor"
"TAKA007","Angkanh","តាកែវ","Prey Kabbas","ព្រៃកប្បាស","11.083932","104.94629","TAKA007 - Angkanh"
"TAKA008","Khvav","តាកែវ","Samraong","សំរោង","10.92014","104.72301","TAKA008 - Khvav"
"TAKA009","Kouk Pou","តាកែវ","Borei Cholsar","បូរីជលសារ","10.892675","104.902756","TAKA009 - Kouk Pou"
"TAKA010","Krapum Chhuk","តាកែវ","Kaoh Andaet","កោះអណ្ដែត","10.706738","104.916813","TAKA010 - Krapum Chhuk"
"TAKA011","Prey Rumdeng","តាកែវ","Kiri Vong","គីរីវង់","10.619044","104.767197","TAKA011 - Prey Rumdeng"
"TAKA012","Prey Sloek","តាកែវ","Treang","ទ្រាំង","10.904813","104.783549","TAKA012 - Prey Sloek"
"TAKA013","Phnum Den","តាកែវ","Kiri Vong","គីរីវង់","10.60243","104.906536","TAKA013 - Phnum Den"
"TAKA014","Prey Phdau","តាកែវ","Prey Kabbas","ព្រៃកប្បាស","11.165364","104.876075","TAKA014 - Prey Phdau"
"TAKA015","Romenh 02","តាកែវ","Kaoh Andaet","កោះអណ្ដែត","10.800032","104.937742","TAKA015 - Romenh 02"
"TAKA016","Angkor Borei","តាកែវ","Angkor Borei","អង្គរបូរី","10.997932","104.973288","TAKA016 - Angkor Borei"
"TAKA017","Trea","តាកែវ","Samraong","សំរោង","11.103537","104.821108","TAKA017 - Trea"
"TAKA018","Doung Khpos","តាកែវ","Bati","បាទី","10.867205","104.86635","TAKA018 - Doung Khpos"
"TAKA019","Lumchang","តាកែវ","Samraong","សំរោង","11.073395","104.75951","TAKA019 - Lumchang"
"TAKA020","Prey Khla","តាកែវ","Kaoh Andaet","កោះអណ្ដែត","10.75647","104.872143","TAKA020 - Prey Khla"
"TAKA022","Kandoeng","តាកែវ","Bati","បាទី","11.285664","104.840462","TAKA022 - Kandoeng"
"TAKA023","Rovieng","តាកែវ","Samraong","សំរោង","11.201191","104.787972","TAKA023 - Rovieng"
"TAKA024","Ta Ou","តាកែវ","Kiri Vong","គីរីវង់","10.577666","104.798714","TAKA024 - Ta Ou"
"TAKA025","Ang Ta Saom","តាកែវ","Kiri Vong","គីរីវង់","11.012834","104.672232","TAKA025 - Ang Ta Saom"
"TAKA026","Prey Ampok","តាកែវ","Kiri Vong","គីរីវង់","10.632234","104.791171","TAKA026 - Prey Ampok"
"TAKA027","Preah Bat Choan Chum","តាកែវ","Kiri Vong","គីរីវង់","10.644722","104.874741","TAKA027 - Preah Bat Choan Chum"
"TAKA028","Borei Chulsar","តាកែវ","Doun Kaev","ដូនកែវ","10.859956","104.947543","TAKA028 - Borei Chulsar"
"TAKA031","Ba Srae","តាកែវ","Angkor Borei","អង្គរបូរី","11.056967","104.952222","TAKA031 - Ba Srae"
"TAKA032","Roka Krau","តាកែវ","Doun Kaev","ដូនកែវ","10.97977","104.778003","TAKA032 - Roka Krau"
"TAKA033","Prey Kabbas","តាកែវ","Prey Kabbas","ព្រៃកប្បាស","11.162099","104.958486","TAKA033 - Prey Kabbas"
"TAKA034","Rokar Knong","តាកែវ","Doun Kaev","ដូនកែវ","10.981908","104.777601","TAKA034 - Rokar Knong"
"TAKP001","Doun Kaev","តាកែវ","Doun Kaev","ដូនកែវ","10.989227","104.773957","TAKP001 - Doun Kaev"
"TAKS001","Roka Krau","តាកែវ","Doun Kaev","ដូនកែវ","10.9791","104.7772","TAKS001 - Roka Krau"
"TAKS002","Ang Ta Saom","តាកែវ","Kiri Vong","គីរីវង់","11.0101","104.6718","TAKS002 - Ang Ta Saom"
"TAKS003","Trapeang Sab","តាកែវ","Bati","បាទី","11.2656982757642","104.825915410417","TAKS003 - Trapeang Sab"
"TAKS004","Preah Bat Choan Chum","តាកែវ","Kiri Vong","គីរីវង់","10.6442","104.875","TAKS004 - Preah Bat Choan Chum"
"TBKA001","Peus Mouy","ត្បូងឃ្មុំ","Suong","សួង","12.248393","105.717783","TBKA001 - Peus Mouy"
"TBKA002","Tramung","ត្បូងឃ្មុំ","Memot","មេមត់","11.819494","106.190896","TBKA002 - Tramung"
"TBKA004","Choam Kravien","ត្បូងឃ្មុំ","Memot","មេមត់","11.770064","106.338638","TBKA004 - Choam Kravien"
"TBKA005","Dar","ត្បូងឃ្មុំ","Memot","មេមត់","11.80188","106.119953","TBKA005 - Dar"
"TBKA006","Rumchek","ត្បូងឃ្មុំ","Memot","មេមត់","12.105325","106.000691","TBKA006 - Rumchek"
"TBKA008","Kaong Kang","ត្បូងឃ្មុំ","Ponhea Kraek","ពញាក្រែក","11.810423","105.844209","TBKA008 - Kaong Kang"
"TBKA009","Trapeang Phlong","ត្បូងឃ្មុំ","Ponhea Kraek","ពញាក្រែក","11.692978","105.966143","TBKA009 - Trapeang Phlong"
"TBKA010","Dambae","ត្បូងឃ្មុំ","Dambae","តំបែរ","12.017253","105.884091","TBKA010 - Dambae"
"TBKA011","Chong Cheach","ត្បូងឃ្មុំ","Dambae","តំបែរ","11.912352","105.861044","TBKA011 - Chong Cheach"
"TBKA012","Chhuk","ត្បូងឃ្មុំ","Krouch Chhmar","ក្រូចឆ្មារ","12.157931","105.739451","TBKA012 - Chhuk"
"TBKA013","Chumnik","ត្បូងឃ្មុំ","Krouch Chhmar","ក្រូចឆ្មារ","12.25263","105.817345","TBKA013 - Chumnik"
"TBKA014","Trea","ត្បូងឃ្មុំ","Krouch Chhmar","ក្រូចឆ្មារ","12.234293","105.546472","TBKA014 - Trea"
"TBKA015","Chak","ត្បូងឃ្មុំ","Ou Reang Ov","អូររាំងឪ","11.776389","105.598362","TBKA015 - Chak"
"TBKA016","Kraek","ត្បូងឃ្មុំ","Ponhea Kraek","ពញាក្រែក","11.785283","106.002698","TBKA016 - Kraek"
"TBKA017","Kor 01","ត្បូងឃ្មុំ","Tboung Khmum","ត្បូងឃ្មុំ","11.973743","105.742968","TBKA017 - Kor 01"
"TBKA018","Choam Ta Mau","ត្បូងឃ្មុំ","Memot","មេមត់","11.886598","106.243362","TBKA018 - Choam Ta Mau"
"TBKA019","Chob","ត្បូងឃ្មុំ","Tboung Khmum","ត្បូងឃ្មុំ","11.918445","105.603895","TBKA019 - Chob"
"TBKA020","Peam Chileang","ត្បូងឃ្មុំ","Tboung Khmum","ត្បូងឃ្មុំ","12.101092","105.547606","TBKA020 - Peam Chileang"
"TBKA021","Sralab","ត្បូងឃ្មុំ","Tboung Khmum","ត្បូងឃ្មុំ","11.862282","105.738753","TBKA021 - Sralab"
"TBKA022","Kor 02","ត្បូងឃ្មុំ","Tboung Khmum","ត្បូងឃ្មុំ","11.976871","105.716563","TBKA022 - Kor 02"
"TBKP001","Suong","ត្បូងឃ្មុំ","Suong","សួង","11.911554","105.651283","TBKP001 - Suong"
"TBKS001","Suong","ត្បូងឃ្មុំ","Suong","សួង","11.910232","105.653275","TBKS001 - Suong"
"TBKS002","Kraek","ត្បូងឃ្មុំ","Ponhea Kraek","ពញាក្រែក","11.763201","105.940445","TBKS002 - Kraek"
"TBKS003","Memut","ត្បូងឃ្មុំ","Suong","សួង","11.828102","106.182878","TBKS003 - Memut"
"TBKS004","Ampil Ta Pok","ត្បូងឃ្មុំ","Ou Reang Ov","អូររាំងឪ","11.796341","105.499489","TBKS004 - Ampil Ta Pok"
"KEPA001","Chea Sophorn","កែប","Kaeb","កែប","10.55536","104.2883","KEPA001 - Chea Sophorn"
"KEPA002","Damnak Chang Aeur","កែប","Damnak Chang'aeu","ដំណាក់ចង្អើរ","10.576537","104.390497","KEPA002 - Damnak Chang Aeur"
"KEPP001","Bưu cục Kep","កែប","Kaeb","កែប","10.4828","104.3167","KEPP001 - Bưu cục Kep"
"PAIA001","Pailin","ប៉ៃលិន","Pailin","ប៉ៃលិន","12.857257","102.604963","PAIA001 - Pailin"
"PAIA002","Sala Krau","ប៉ៃលិន","Sala Krau","សាលាក្រៅ","12.948435","102.591515","PAIA002 - Sala Krau"
"PAIA003","Stueng Kach","ប៉ៃលិន","Sala Krau","សាលាក្រៅ","12.934088","102.501392","PAIA003 - Stueng Kach"
"PAIS001","Pailin","ប៉ៃលិន","Pailin","ប៉ៃលិន","12.857211","102.604989","PAIS001 - Pailin"
"PRHA001","Pal Hal","ព្រះវិហារ","Preah Vihear","ព្រះវិហារ","13.737871","104.978647","PRHA001 - Pal Hal"
"PRHA002","Toek Kraham","ព្រះវិហារ","Choam Ksan","ជាំក្សាន្ដ","14.148894","105.082134","PRHA002 - Toek Kraham"
"PRHA003","Rumdaoh Srae","ព្រះវិហារ","Choam Ksan","ជាំក្សាន្ដ","14.171889","104.787173","PRHA003 - Rumdaoh Srae"
"PRHA004","Kantuot","ព្រះវិហារ","Choam Ksan","ជាំក្សាន្ដ","14.238194","104.728915","PRHA004 - Kantuot"
"PRHA005","Kuleaen Tboung","ព្រះវិហារ","Kuleaen","គូលែន","13.818537","104.702415","PRHA005 - Kuleaen Tboung"
"PRHA006","Choam Khsan","ព្រះវិហារ","Choam Ksan","ជាំក្សាន្ដ","14.220675","104.943625","PRHA006 - Choam Khsan"
"PRHA007","Kampong Sralau Pir","ព្រះវិហារ","Chhaeb","ឆែប","13.975337","105.848255","PRHA007 - Kampong Sralau Pir"
"PRHA008","Chamraeun","ព្រះវិហារ","Sangkum Thmei","សង្គមថ្មី","13.579335","104.896452","PRHA008 - Chamraeun"
"PRHA009","S'ang","ព្រះវិហារ","Chey Saen","ជ័យសែន","13.653966","105.260717","PRHA009 - S'ang"
"PRHA010","Preah Khleang","ព្រះវិហារ","Tbaeng Mean Chey","ត្បែងមានជ័យ","13.620566","105.030259","PRHA010 - Preah Khleang"
"PRHA011","Robieb","ព្រះវិហារ","Rovieng","រវៀង","13.357681","105.114889","PRHA011 - Robieb"
"PRHA012","Chhaeb Muoy","ព្រះវិហារ","Chhaeb","ឆែប","13.768454","105.408876","PRHA012 - Chhaeb Muoy"
"PRHA013","Rummeakney","ព្រះវិហារ","Rovieng","រវៀង","13.304101","105.002355","PRHA013 - Rummeakney"
"PRHA015","Phnum Tbaeng Pir","ព្រះវិហារ","Kuleaen","គូលែន","13.716508","104.77564","PRHA015 - Phnum Tbaeng Pir"
"PRHA016","Srayang","ព្រះវិហារ","Kuleaen","គូលែន","13.705809","104.545423","PRHA016 - Srayang"
"PRHP001","Preah Vihear","ព្រះវិហារ","Preah Vihear","ព្រះវិហារ","13.794295","104.97836","PRHP001 - Preah Vihear"
"PRHS001","Kampong Pranak","ព្រះវិហារ","Preah Vihear","ព្រះវិហារ","13.805255","104.97862","PRHS001 - Kampong Pranak"
"THOA001","Srayouv","កំពង់ធំ","Stueng Saen","ស្ទឹងសែន","12.657969","104.919848","THOA001 - Srayouv"
"THOA002","Sou Young","កំពង់ធំ","Tang Kouk","តាំងគោក","12.247011","105.123774","THOA002 - Sou Young"
"THOA003","Triel","កំពង់ធំ","Tang Kouk","តាំងគោក","12.333434","105.105665","THOA003 - Triel"
"THOA004","Baray","កំពង់ធំ","Baray","បារាយណ៍","12.396384","105.083396","THOA004 - Baray"
"THOA005","Bak Sna","កំពង់ធំ","Baray","បារាយណ៍","12.515992","105.281484","THOA005 - Bak Sna"
"THOA006","Tbaeng","កំពង់ធំ","Kampong Svay","កំពង់ស្វាយ","12.793109","104.78912","THOA006 - Tbaeng"
"THOA007","Tang Krasang","កំពង់ធំ","Santuk","សន្ទុក","12.56012","105.04978","THOA007 - Tang Krasang"
"THOA008","San Ko","កំពង់ធំ","Kampong Svay","កំពង់ស្វាយ","12.80811","104.738129","THOA008 - San Ko"
"THOA009","Tum Ring","កំពង់ធំ","Sandan","សណ្ដាន់","12.901008","105.424327","THOA009 - Tum Ring"
"THOA010","Kraya","កំពង់ធំ","Prasat Ballang","ប្រាសាទបល្ល័ង្គ","13.118471","104.762385","THOA010 - Kraya"
"THOA011","Sala Visai","កំពង់ធំ","Prasat Ballang","ប្រាសាទបល្ល័ង្គ","12.948858","104.944323","THOA011 - Sala Visai"
"THOA013","Chhuk","កំពង់ធំ","Prasat Sambour","ប្រាសាទសំបូរ","12.931402","105.164794","THOA013 - Chhuk"
"THOA014","Krava","កំពង់ធំ","Baray","បារាយណ៍","12.473985","105.244491","THOA014 - Krava"
"THOA015","Kampong Chen Tboung","កំពង់ធំ","Stoung","ស្ទោង","12.929947","104.579938","THOA015 - Kampong Chen Tboung"
"THOA016","Chamna Kraom","កំពង់ធំ","Stoung","ស្ទោង","12.848016","104.635693","THOA016 - Chamna Kraom"
"THOA017","Steung Sean","កំពង់ធំ","Stueng Saen","ស្ទឹងសែន","104.89055","12.728917","THOA017 - Steung Sean"
"THOA018","Sambour","កំពង់ធំ","Prasat Sambour","ប្រាសាទសំបូរ","12.87017","105.06897","THOA018 - Sambour"
"THOP001","Stueng Saen","កំពង់ធំ","Stueng Saen","ស្ទឹងសែន","12.718887","104.886428","THOP001 - Stueng Saen"
"THOS001","Prey Ta Hu","កំពង់ធំ","Stueng Saen","ស្ទឹងសែន","12.718984","104.886849","THOS001 - Prey Ta Hu"
"THOS002","Ballang","កំពង់ធំ","Baray","បារាយណ៍","12.4996","105.125","THOS002 - Ballang"
"THOS003","Kampong Chen Cheung","កំពង់ធំ","Stoung","ស្ទោង","12.943729","104.569481","THOS003 - Kampong Chen Cheung"
"THOS004","Sandan","កំពង់ធំ","Sandan","សណ្ដាន់","13.102497","105.241223","THOS004 - Sandan"
"CHAA025","Lom Hae","Kampong Cham","Lom Hae","Lom Hae","11.992734","105.451041","CHAA025 - Lom Hae"
"KAMA031","KampongTrach","Kampot","KampongTrach","KampongTrach","10.447786","104.437666","KAMA031 - KampongTrach"
"SPEA006","Chhuk","Kampot","Chhuk","Chhuk","11.131556","104.151154","SPEA006 - Chhuk"
"DVCMEGA1","MEGA transport team","MEGA HUB","MEGA transport team","MEGA transport team","11.63907","104.85378","DVCMEGA1 - MEGA transport team"
"MEGA1","MEGA1","MEGA HUB","MEGA1","MEGA1","11.631082846238561","104.85548753809898","MEGA1 - MEGA1"
"SVAA020","Pouthi","Svay Rieng","Pouthi","Pouthi","10.9867","106.1258","SVAA020 - Pouthi"
"SVAA021","Kampot Chroot","Svay Rieng","Kampot Chroot","Kampot Chroot","11.0351","106.0189","SVAA021 - Kampot Chroot"
"SVAA022","Bos Svay","Svay Rieng","Bos Svay","Bos Svay","11.2337","105.8807","SVAA022 - Bos Svay"
"TAKA036","Tnolbek","Takeo","Tnolbek","Tnolbek","10.810856","104.806805","TAKA036 - Tnolbek"
"TBKA003","Rokarpo Pram","Tboung Khmum","Rokarpo Pram","Rokarpo Pram","12.040843","105.711399","TBKA003 - Rokarpo Pram"
"THOP018","Steung Sean","Kampong Thom","Steung Sean","Steung Sean","12.622","105.4718","THOP018 - Steung Sean"